﻿folder_name,url,title,section,page_number
01_001_home_8897,https://www.gavinmenzies.net/,Home - Gavin MenziesGavin Menzies | Who Discovered America? | 1421 | Chinese Voyages | Renaissance history |medieval history | maritime exploration |Chinese Exploration | Admiral Zheng He | Chinese Junks,01_main_website,1
01_002_blog_5789,https://www.gavinmenzies.net/blog/,Blog - Gavin MenziesGavin Menzies,01_main_website,2
01_003_books_c95c,https://www.gavinmenzies.net/books/,Books - Gavin MenziesGavin Menzies,01_main_website,3
01_004_contact_b57a,https://www.gavinmenzies.net/contact/,Contact - Gavin MenziesGavin Menzies,01_main_website,4
01_005_the_1421_foundation_b24b,https://www.gavinmenzies.net/contact/the-1421-research-education-and-exploration-foundation/,The 1421 Foundation - Gavin MenziesGavin Menzies,01_main_website,5
01_006_about_5016,https://www.gavinmenzies.net/contact/about/,About - Gavin MenziesGavin Menzies,01_main_website,6
01_007_awards_invitations_offered_1421_ac30,https://www.gavinmenzies.net/contact/about/awards-and-invitations-offered-for-1421-and-1434/,Awards and invitations offered for '1421' and '1434' - Gavin MenziesGavin Menzies,01_main_website,7
01_008_testimonials_academic_support_1421_a560,https://www.gavinmenzies.net/contact/about/testimonials/,Testimonials and academic support for the 1421 project - Gavin MenziesGavin Menzies,01_main_website,8
01_009_links_90a2,https://www.gavinmenzies.net/contact/about/links/,Links - Gavin MenziesGavin Menzies,01_main_website,9
02_001_about_who_discovered_america_7837,https://www.gavinmenzies.net/america-book/about-who-discovered-america/,"About ""Who Discovered America?"" - Gavin MenziesGavin Menzies",02_america_book,1
02_002_extract_2bf8,https://www.gavinmenzies.net/america-book/extract/,Extract - Gavin MenziesGavin Menzies,02_america_book,2
02_003_the_book_7ae5,https://www.gavinmenzies.net/america-book/the-book/,The book - Gavin MenziesGavin Menzies,02_america_book,3
03_001_about_atlantis_b28d,https://www.gavinmenzies.net/lost-empire-atlantis/about-atlantis/,About Atlantis - Gavin MenziesGavin Menzies,03_atlantis_book,1
03_002_the_book_6f46,https://www.gavinmenzies.net/lost-empire-atlantis/the-book/,The book - Gavin MenziesGavin Menzies,03_atlantis_book,2
03_003_extract_990b,https://www.gavinmenzies.net/lost-empire-atlantis/extract/,Extract - Gavin MenziesGavin Menzies,03_atlantis_book,3
03_004_the_lost_empire_of_atlantis_gallery_df29,https://www.gavinmenzies.net/lost-empire-atlantis/gallery/,The Lost Empire of Atlantis - Gallery - Gavin MenziesGavin Menzies,03_atlantis_book,4
03_005_gallery_1_5c60,https://www.gavinmenzies.net/lost-empire-atlantis/gallery/gallery-1/,Gallery 1 - Gavin MenziesGavin Menzies,03_atlantis_book,5
03_006_gallery_artists_impressions_minoan_3d3a,https://www.gavinmenzies.net/lost-empire-atlantis/gallery/gallery-2/,Gallery 2 - Artist's impressions of the Minoan frescoes - Gavin MenziesGavin Menzies,03_atlantis_book,6
03_007_gallery_3_7383,https://www.gavinmenzies.net/lost-empire-atlantis/gallery/gallery-3/,Gallery 3 - Gavin MenziesGavin Menzies,03_atlantis_book,7
03_008_maps_7a02,https://www.gavinmenzies.net/lost-empire-atlantis/maps/,Maps - Gavin MenziesGavin Menzies,03_atlantis_book,8
04_001_about_china_9d6a,https://www.gavinmenzies.net/china/about/,About China - Gavin MenziesGavin Menzies,04_china_main,1
04_002_1434_93f7,https://www.gavinmenzies.net/china/1434-2/,1434 - Gavin MenziesGavin Menzies,04_china_main,2
04_003_1434_extract_1e5f,https://www.gavinmenzies.net/china/1434-2/extract/,1434 Extract - Gavin MenziesGavin Menzies,04_china_main,3
04_004_1421_a2fd,https://www.gavinmenzies.net/china/book-1421/,1421 - Gavin MenziesGavin Menzies,04_china_main,4
04_005_1421_extract_68ff,https://www.gavinmenzies.net/china/book-1421/1421-extract/,1421 Extract - Gavin MenziesGavin Menzies,04_china_main,5
04_006_discovery_1169,https://www.gavinmenzies.net/china/book-1421/discovery/,Discovery - Gavin MenziesGavin Menzies,04_china_main,6
04_007_question_and_answers_0237,https://www.gavinmenzies.net/china/book-1421/question-and-answers/,Question and Answers - Gavin MenziesGavin Menzies,04_china_main,7
04_008_bibliography_b38b,https://www.gavinmenzies.net/china/book-1421/bibliography/,Bibliography - Gavin MenziesGavin Menzies,04_china_main,8
04_009_videos_c15d,https://www.gavinmenzies.net/china/gavin-menzies-videos/,Videos - Gavin MenziesGavin Menzies,04_china_main,9
05_001_gavin_menzies_speeches_6678,https://www.gavinmenzies.net/china/book-1421/gavin-menzies-speeches/,Gavin Menzies Speeches - Gavin MenziesGavin Menzies,05_speeches,1
05_002_talk_a_how_the_story_came_about_20ad,https://www.gavinmenzies.net/china/book-1421/gavin-menzies-speeches/talk-a-how-the-story-came-about/,Talk A - How the story came about... - Gavin MenziesGavin Menzies,05_speeches,2
05_003_talk_zheng_fleets_voyages_cef9,https://www.gavinmenzies.net/china/book-1421/gavin-menzies-speeches/talk-b-zheng-hes-fleets-voyages-from-south-america-to-new-zealand-and-australia/,Talk B - Zheng He's Fleets Voyages from South America to New Zealand and Australia - Gavin MenziesGavin Menzies,05_speeches,3
05_004_talk_first_panama_canal_de97,https://www.gavinmenzies.net/china/book-1421/gavin-menzies-speeches/talk-c-the-first-panama-canal-and-the-first-suez-canal-were-built-by-the-chinese-and-the-egyptians/,Talk C - The first Panama Canal and the first Suez Canal were built by the Chinese and the Egyptians - Gavin MenziesGavin Menzies,05_speeches,4
05_005_gavins_talk_at_the_ancestry_e_symposium_6437,https://www.gavinmenzies.net/china/book-1421/gavin-menzies-speeches/gavins-talk-at-the-ancestry-e-symposium/,Gavin's talk at the Ancestry e-Symposium - Gavin MenziesGavin Menzies,05_speeches,5
06_001_gallery_8e30,https://www.gavinmenzies.net/china/gallery/,Gallery - Gavin MenziesGavin Menzies,06_galleries,1
06_002_page_not_found_8289,https://www.gavinmenzies.net/china/gallery/shipwreck/,Page not found - Gavin MenziesGavin Menzies,06_galleries,2
06_003_ceramics_c1b3,https://www.gavinmenzies.net/china/gallery/ceramics/,Ceramics - Gavin MenziesGavin Menzies,06_galleries,3
06_004_jade_e3ff,https://www.gavinmenzies.net/china/gallery/jade/,Jade - Gavin MenziesGavin Menzies,06_galleries,4
06_005_metal_artefacts_3e3d,https://www.gavinmenzies.net/china/gallery/metal-artefacts/,Metal artefacts - Gavin MenziesGavin Menzies,06_galleries,5
06_006_cave_art_1e5c,https://www.gavinmenzies.net/china/gallery/cave-art/,Cave art - Gavin MenziesGavin Menzies,06_galleries,6
06_007_stone_buildings_mortar_and_carvings_b09c,https://www.gavinmenzies.net/china/gallery/stone-buildings-mortar-and-carvings/,"Stone buildings, mortar and carvings - Gavin MenziesGavin Menzies",06_galleries,7
06_008_flora_and_fauna_d94b,https://www.gavinmenzies.net/china/gallery/flora-and-fauna/,Flora and fauna - Gavin MenziesGavin Menzies,06_galleries,8
06_009_miscellaneous_artefacts_9a0c,https://www.gavinmenzies.net/china/gallery/miscellaneous-artefacts/,Miscellaneous artefacts - Gavin MenziesGavin Menzies,06_galleries,9
06_010_mike_boss_artist_gallery_f06a,https://www.gavinmenzies.net/china/gallery/mike-boss-artist-gallery/,Mike Boss Artist Gallery - Gavin MenziesGavin Menzies,06_galleries,10
07_001_maps_fb36,https://www.gavinmenzies.net/china/maps/,Maps - Gavin MenziesGavin Menzies,07_maps,1
07_002_australia_ff3a,https://www.gavinmenzies.net/china/maps/australia/,Australia - Gavin MenziesGavin Menzies,07_maps,2
07_003_british_columbia_8363,https://www.gavinmenzies.net/china/maps/british-columbia/,British Columbia - Gavin MenziesGavin Menzies,07_maps,3
07_004_caribbean_9811,https://www.gavinmenzies.net/china/maps/caribbean/,Caribbean - Gavin MenziesGavin Menzies,07_maps,4
07_005_pacific_51fb,https://www.gavinmenzies.net/china/maps/pacific/,Pacific - Gavin MenziesGavin Menzies,07_maps,5
07_006_north_east_united_states_886b,https://www.gavinmenzies.net/china/maps/north-east-united-states/,North East United States - Gavin MenziesGavin Menzies,07_maps,6
