﻿page_number,folder_name,url,title,content,author,word_count
26,13_Chapter026_The_Catlins_Papatowai_Image_Gallery_026_54e8,https://www.gavinmenzies.net/Evidence/26-the-catlins-papatowai-image-gallery/,26 THE CATLINS: Papatowai Image Gallery - Gavin MenziesGavin Menzies,"26 THE CATLINS: Papatowai Image Gallery
View:
Complete 1421 listings
Posted on
August 16, 2011
THE CATLINS: Papatowai Image Gallery
Comment:
If you have comments or suggestions on this article please click here
Chapter 1 - An adventure on Crete
»
Comments are closed.",Gavin Menzies,44
