﻿page_number,folder_name,url,title,content,author,word_count
6,17_Chapter006_Disease_And_Cahokia_006_6400,https://www.gavinmenzies.net/Evidence/6-disease-and-cahokia/,6 Disease and Cahokia? - Gavin MenziesGavin Menzies,"6 Disease and Cahokia?
View:
Complete 1421 listings
Posted on
August 16, 2011
Disease and Cahokia?
Some sources have mentioned that the local Indians associated the Piasa with internal diseases. Members of our research team have speculated that this was because the Chinese explorers unwittingly introduced unfamiliar, and virulent germs. This theory is not without historical precedent as is evidenced by the later and well-documented ravages of small pox and measles epidemics among native populations throughout the Americas.
Native Americans were particularly vulnerable to introduced contagions because of their type """"O"""" blood. Individuals with """"O"""" blood lack resistance to certain diseases, such as typhoid, that evolved in populations of greater density, such as those in Europe and Asia.
Comment:
If you have comments or suggestions on this article please click here
Chapter 1 - An adventure on Crete
»
Comments are closed.",Gavin Menzies,142
