﻿page_number,folder_name,url,title,content,author,word_count
13,14_Chapter013_Chinese_Pyramids_In_New_Zealand_013_3b58,https://www.gavinmenzies.net/Evidence/13-chinese-pyramids-in-new-zealand/,13 Chinese pyramids in New Zealand? - Gavin MenziesGavin Menzies,"13 Chinese pyramids in New Zealand?
View:
Complete 1421 listings
Posted on
August 16, 2011
Chinese pyramids in New Zealand?
Pyramids in New Zealand - Could this be the work of the Ancient Chinese?
'Chinese archaeologists have recently discovered a Hongshan pyramid-shaped building dating back more than 5,000 years in the Inner Mongolia Autonomous Region, in north China. According to Guo Dashun, a renowned Chinese archaeologist, the """"pyramid structure"""", located on a mountain ridge one kilometer north of Sijiazi Township in the Aohan Banner (county), is a three-storied stepped pyramid building that is 30 meters long and 15 meters wide. This discovery sheds light on the fact that these ancient people were one of the first known people to build pyramid structures.'
( Excerpt reproduced with kind permission of Ian Simpson. To view his website, please click
here.
)
Could the pyramids at Maungarei and Remuwera also have been constructed by the Chinese?
There is also a wealth of evidence that suggests a strong pre-Columbian Chinese presence in Teotihuacan, Mexico. For more information please click
here.
Comment:
If you have comments or suggestions on this article please click here
Chapter 1 - An adventure on Crete
»
Comments are closed.",Gavin Menzies,200
