﻿page_number,folder_name,url,title,content,author,word_count
47,13_Chapter047_Omarama_Image_Gallery_047_3e0a,https://www.gavinmenzies.net/Evidence/47-omarama-image-gallery/,47 Omarama image gallery - Gavin MenziesGavin Menzies,"47 Omarama image gallery
View:
Complete 1421 listings
Posted on
August 16, 2011
Omarama image gallery
Omarama, Otago, South Island, New Zealand
Views along manmade platform for barracks & ore crusher, showing stonework & remains of river wall (river side)
Omarama, Otago, South Island, New Zealand
Upper photo: View of canal leading to harbour. Right man made platform for barracks and ore crusher.
Lower photo: View onto manmade platform (river right)
Omarama, Otago, South Island, New Zealand
View of site of ore treatment plant from bridge over River Ahuriri. A tributary of the Waitiki river...Mount Cook in distance.
Lower photo: View along 6m wide canal which supplied the ore wash chambers and the water to drive the smelter water wheels which drove the combustion air bellows.
Omarama, Otago, South Island, New Zealand
View onto manmade platform, carrying walled barrack block and ore crusher
Omarama, Otago, South Island, New Zealand
View along 6m wide canal (ore wash feed) to junction with River Ahuriri (bridge giving access to golf course and ore processing site)
Lower photo: Smelter mound, flat area to right site of water wheel/bellows house.
Omarama, Otago, New Zealand
Ore processing plant adjacent to River Ahuriri, a tributary of River Waitiki, Detail of Harbour, Barracks, Crusher house, Smelter ramps & canal fed, 5 ore wash chambers
(44d, 29′, 10S, 169d, 57′, 59E)
Comment:
If you have comments or suggestions on this article please click here
Chapter 1 - An adventure on Crete
»
Comments are closed.",Gavin Menzies,246
