﻿page_number,folder_name,url,title,content,author,word_count
19,06_Chapter019_Plant_And_Animal_Breeding_Darwin_019_45bc,https://www.gavinmenzies.net/Evidence/19-plant-and-animal-breeding-darwin/,19 Plant and Animal Breeding (Darwin) - Gavin MenziesGavin Menzies,"19 Plant and Animal Breeding (Darwin)
View:
Complete 1421 listings
Posted on
August 18, 2011
Plant and Animal Breeding (Darwin)
(a) Plants of Peru - separate Annex
(b) Cattle - Roulin of Colombia; Naith of La Plata with 'reversed hair'
(c) Llama = domesticated guanaco; alpaca = domesticated vicuna.
Comment:
If you have comments or suggestions on this article please click here
Chapter 1 - An adventure on Crete
»
Comments are closed.",Gavin Menzies,73
