﻿page_number,folder_name,url,title,content,author,word_count
30,13_Chapter030_The_Catlins_Porpoise_Bay_030_7bd4,https://www.gavinmenzies.net/Evidence/30-the-catlins-porpoise-bay/,30 THE CATLINS: Porpoise Bay - Gavin MenziesGavin Menzies,"30 THE CATLINS: Porpoise Bay
View:
Complete 1421 listings
Posted on
August 16, 2011
THE CATLINS: Porpoise Bay
PORPOISE BAY. (SW of WAIKAWA.) THE CATLINS.
SOUTH HEAD. (46d, 39`, 50S, - 169d,06`, 00E)
There is visible evidence of the stonework of a standard walled barrack block on the headland. Near the Curio shop, west end of the bay, (46d, 39`, 45S, - 169, 05`, 40S), MAS located the outlines of three 47m x 11m Junks. Two were within their standard stoned harbours with their anchors out. The other was unprotected, presumably wrecked, or perhaps cannibalised for spares.
Comment:
If you have comments or suggestions on this article please click here
Chapter 1 - An adventure on Crete
»
Comments are closed.",Gavin Menzies,121
