﻿page_number,folder_name,url,title,content,author,word_count
9,13_Chapter009_Banks_Peninsula_Akaroa_Image_Gallery_009_7e40,https://www.gavinmenzies.net/Evidence/9-banks-peninsula-akaroa-image-gallery/,9 BANKS PENINSULA: Akaroa Image Gallery - Gavin MenziesGavin Menzies,"9 BANKS PENINSULA: Akaroa Image Gallery
View:
Complete 1421 listings
Posted on
August 16, 2011
BANKS PENINSULA: Akaroa Image Gallery
CHINESE FORT & HARBOUR
SITED UNDER CRICKET GROUND, AKAROA, BANKS PENINSULA, NEW ZEALAND
Dimensions 90m x 70m, Area 0.63ha, (43d, 48′, 13S - 172d, 58′, 06E)
CHINESE FORT & HARBOUR
SITED UNDER CRICKET GROUND, AKAROA, BANKS PENINSULA, NEW ZEALAND
Dimensions 90m x 70m, Area 0.63ha, (43d, 48′, 13S - 172d, 58′, 06E)
AKAROA, BANKS PENINSULA, SOUTH ISLAND, SPORTS FIELD
SETTING UP FOR GROUND RADAR SURVEY OVER FOUNDATIONS OF WALLS OF CHINESE FORT FOUNDATIONS FIRST LOCATED BY MAGNETIC ANOMALY SURVEY. (MAS)
AKAROA, BANKS PENINSULA, SOUTH ISLAND, SPORTS FIELD
SETTING UP FOR GROUND RADAR SURVEY OVER FOUNDATIONS OF WALLS OF CHINESE FORT. FOUNDATIONS FIRST LOCATED BY MAGNETIC ANOMALY SURVEY. (MAS)
BANKS PENINSULA, SOUTH ISLAND, NEW ZEALAND, AKAROA, CRICKET FIELD SITE OF CHINESE FORT, 90M X 70M.
Upper photo: SITE OF THE FORT'S MAIN GATE TOWERS. Hence burnt grass above.
Lower photo: VIEW ACROSS SITE OF FORT AND ASTROTURF PITCH RIM OF AKAROA VOLCANO RISING BEHIND TOWN.
Comment:
If you have comments or suggestions on this article please click here
Chapter 1 - An adventure on Crete
»
Comments are closed.",Gavin Menzies,198
