﻿page_number,folder_name,url,title,content,author,word_count
37,13_Chapter037_Oamaru_037_6f70,https://www.gavinmenzies.net/Evidence/37-oamaru/,37 Oamaru - Gavin MenziesGavin Menzies,"37 Oamaru
View:
Complete 1421 listings
Posted on
August 16, 2011
Oamaru
(East Coast)
During an interesting discussion on the area, a local who has lived there for over fifty years informed me that he used to hunt wild pigs locally. He commented that these pigs were far different from normal pigs, in that they had coats with very thick bristles.
Many years ago I used to carry out engineering surveys for Factory Act compliance. One of my visits was to Harris Brushes, the paint brush manufacturer at Stoke Prior, Bromsgrove, UK. Their quality brushes exclusively used the bristle from Chinese pigs. There used to be a stuffed Chinese pig in pride of place in the entrance lobby - a large ugly brute!
Comment:
If you have comments or suggestions on this article please click here
Chapter 1 - An adventure on Crete
»
Comments are closed.",Gavin Menzies,147
