﻿page_number,folder_name,url,title,word_count,section
1,01_Prologue   Life At Sea_01_d811,https://www.gavinmenzies.net/Evidence/prologue-%e2%80%93-life-at-sea/,Prologue - Life at Sea - Gavin MenziesGavin Menzies,113,01_prologue
2,02_Chapter 1   A Land Bridge Too Far_01_e3d6,https://www.gavinmenzies.net/Evidence/chapter-1-%e2%80%93-a-land-bridge-too-far/,Chapter 1 - A land bridge too far - Gavin MenziesGavin Menzies,320,02_chapter_01
3,03_Chapter 2   Along The Silk Road_01_9be7,https://www.gavinmenzies.net/Evidence/chapter-2-%e2%80%93-along-the-silk-road/,Chapter 2 - Along the Silk Road - Gavin MenziesGavin Menzies,335,03_chapter_02
4,04_Chapter 3 Plants Between Continents_01_6aee,https://www.gavinmenzies.net/Evidence/chapter-3-plants-between-continents/,Chapter 3 - Plants Between Continents - Gavin MenziesGavin Menzies,362,04_chapter_03
5,05_Chapter 4   European Seafaring 100 000 Bc_01_30d1,https://www.gavinmenzies.net/Evidence/chapter-4-%e2%80%93-european-seafaring-100-000-bc/,"Chapter 4 - European Seafaring, 100, 000 BC - Gavin MenziesGavin Menzies",286,05_chapter_04
6,06_Chapter 5   Mastery Of The Oceans Before Columbus_01_588e,https://www.gavinmenzies.net/Evidence/chapter-5-%e2%80%93-mastery-of-the-oceans-before-columbus/,Chapter 5 - Mastery of the Oceans Before Columbus - Gavin MenziesGavin Menzies,407,06_chapter_05
7,07_Chapter 6 The Genetic Evidence_01_2501,https://www.gavinmenzies.net/Evidence/chapter-6-the-genetic-evidence/,Chapter 6 - The Genetic Evidence - Gavin MenziesGavin Menzies,280,07_chapter_06
8,08_Chapter 7   In Search Of Lost Civilisations 2_01_7f1a,https://www.gavinmenzies.net/Evidence/chapter-7-%e2%80%93-in-search-of-lost-civilisations-2/,Chapter 7 - In Search of Lost Civilisations - Gavin MenziesGavin Menzies,204,08_chapter_07
9,09_Chapter 8   The Olmec The Foundation Culture Of Cent_4a19,https://www.gavinmenzies.net/Evidence/chapter-8-%e2%80%93-the-olmec-the-foundation-culture-of-central-america/,Chapter 8 - The Olmec: The Foundation Culture of Central America - Gavin MenziesGavin Menzies,544,09_chapter_08
10,10_Chapter 9   Pyramids In Mexico And Central America_01_25bc,https://www.gavinmenzies.net/Evidence/chapter-9-%e2%80%93-pyramids-in-mexico-and-central-america/,Chapter 9 - Pyramids in Mexico and Central America - Gavin MenziesGavin Menzies,307,10_chapter_09
11,11_Chapter 10   Pyramid Builders Of South America_01_aeed,https://www.gavinmenzies.net/Evidence/chapter-10-%e2%80%93-pyramid-builders-of-south-america/,Chapter 10 - Pyramid builders of South America - Gavin MenziesGavin Menzies,362,11_chapter_10
12,12_Chapter 11 Kubilai Khan'S Lost Fleets_01_061c,https://www.gavinmenzies.net/Evidence/chapter-11-kubilai-khan%e2%80%99s-lost-fleets/,Chapter 11 - Kubilai Khan's Lost Fleets - Gavin MenziesGavin Menzies,355,12_chapter_11
13,13_Chapter 12 The 1418 Chinese Map Of The World_01_bc19,https://www.gavinmenzies.net/Evidence/chapter-12-the-1418-chinese-map-of-the-world/,Chapter 12 - The 1418 Chinese Map of the World - Gavin MenziesGavin Menzies,88,13_chapter_12
14,14_Chapter 13 North Carolina And The Virginias_01_953a,https://www.gavinmenzies.net/Evidence/chapter-13-north-carolina-and-the-virginias/,Chapter 13 - North Carolina and the Virginias - Gavin MenziesGavin Menzies,292,14_chapter_13
15,15_Chapter 14 The Eastern Seaboard_01_3001,https://www.gavinmenzies.net/Evidence/chapter-14-the-eastern-seaboard/,Chapter 14 - The Eastern Seaboard - Gavin MenziesGavin Menzies,208,15_chapter_14
16,16_Chapter 15 Nova Cataia The Island Of Seven Cities_01_a40d,https://www.gavinmenzies.net/Evidence/chapter-15-nova-cataia-the-island-of-seven-cities/,Chapter 15 - Nova Cataia: The Island of Seven Cities - Gavin MenziesGavin Menzies,334,16_chapter_15
17,17_Chapter 16 The Pacific Coast Of North America_01_1746,https://www.gavinmenzies.net/Evidence/chapter-16-the-pacific-coast-of-north-america/,Chapter 16 - The Pacific Coast of North America - Gavin MenziesGavin Menzies,173,17_chapter_16
18,18_Chapter 17 Stone Age Sailors   The %E2%80%9Cwindover_8f69,https://www.gavinmenzies.net/Evidence/chapter-17-stone-age-sailors-%e2%80%93-the-%e2%80%9cwindover-bog%e2%80%9d-people-of-florida/,"Chapter 17 - Stone Age Sailors - The """"Windover Bog"""" people of Florida - Gavin MenziesGavin Menzies",255,18_chapter_17
19,19_Conclusion   Who Discovered America_01_9f00,https://www.gavinmenzies.net/Evidence/conclusion-%e2%80%93-who-discovered-america/,Conclusion - Who Discovered America? - Gavin MenziesGavin Menzies,199,19_conclusion
