﻿section,total_pages,successful,failed,success_rate
01_prologue,1,1,0,100.0%
02_chapter_01,1,1,0,100.0%
03_chapter_02,1,1,0,100.0%
04_chapter_03,1,1,0,100.0%
05_chapter_04,1,1,0,100.0%
06_chapter_05,1,1,0,100.0%
07_chapter_06,1,1,0,100.0%
08_chapter_07,1,1,0,100.0%
09_chapter_08,1,1,0,100.0%
10_chapter_09,1,1,0,100.0%
11_chapter_10,1,1,0,100.0%
12_chapter_11,1,1,0,100.0%
13_chapter_12,1,1,0,100.0%
14_chapter_13,1,1,0,100.0%
15_chapter_14,1,1,0,100.0%
16_chapter_15,1,1,0,100.0%
17_chapter_16,1,1,0,100.0%
18_chapter_17,1,1,0,100.0%
19_conclusion,1,1,0,100.0%
