﻿page_number,folder_name,url,title,word_count,section
1,01_Chapter01_An Adventure On Crete_01_1653,https://www.gavinmenzies.net/Evidence/chapter-1-an-adventure-on-crete/,Chapter 1 - An adventure on Crete - Gavin MenziesGavin Menzies,369,01_book_i
2,01_Chapter02_E2 80 93 Under The Volcano_02_6c03,https://www.gavinmenzies.net/Evidence/chapter-2-%e2%80%93-under-the-volcano/,Chapter 2 - Under the volcano - Gavin MenziesGavin Menzies,372,01_book_i
3,01_Chapter03_E2 80 93 The Search For The Minoan Naval B_df81,https://www.gavinmenzies.net/Evidence/chapter-3-%e2%80%93-the-search-for-the-minoan-naval-base/,Chapter 3 - The search for the Minoan naval base - Gavin MenziesGavin Menzies,140,01_book_i
4,01_Chapter04_E2 80 93 Return To Phaestos_04_51d9,https://www.gavinmenzies.net/Evidence/chapter-4-%e2%80%93-return-to-phaestos/,Chapter 4 - Return to Phaestos - Gavin MenziesGavin Menzies,222,01_book_i
5,01_Chapter05_E2 80 93 The Ancient Scholars Speak_05_dd17,https://www.gavinmenzies.net/Evidence/chapter-5-%e2%80%93-the-ancient-scholars-speak/,Chapter 5 - The ancient scholars speak - Gavin MenziesGavin Menzies,270,01_book_i
6,01_Chapter06_E2 80 93 The Missing Link Copper_06_71ee,https://www.gavinmenzies.net/Evidence/chapter-6-%e2%80%93-the-missing-link-copper/,Chapter 6 - The missing link: Copper! - Gavin MenziesGavin Menzies,348,01_book_i
7,01_Chapter07_E2 80 93 Who Were The Minoans_07_8822,https://www.gavinmenzies.net/Evidence/chapter-7-%e2%80%93-who-were-the-minoans/,Chapter 7 - Who were the Minoans? - Gavin MenziesGavin Menzies,166,01_book_i
1,02_Chapter08_E2 80 93 The Lost Wreck And The Buried Tre_22eb,https://www.gavinmenzies.net/Evidence/chapter-8-%e2%80%93-the-lost-wreck-and-the-buried-treasure-trove/,Chapter 08 - The lost wreck and the buried treasure trove - Gavin MenziesGavin Menzies,275,02_book_ii
2,02_Chapter09_E2 80 93 Sailing From Byzantium_02_4c8f,https://www.gavinmenzies.net/Evidence/chapter-9-%e2%80%93-sailing-from-byzantium/,Chapter 09 - Sailing from Byzantium - Gavin MenziesGavin Menzies,402,02_book_ii
3,02_Chapter10_E2 80 93 Life In The Library_03_a390,https://www.gavinmenzies.net/Evidence/chapter-10-%e2%80%93-life-in-the-library/,Chapter 10 - Life in the library - Gavin MenziesGavin Menzies,746,02_book_ii
4,02_Chapter11_E2 80 93 A Place Of Many Names And Many Na_cac3,https://www.gavinmenzies.net/Evidence/chapter-11-%e2%80%93-a-place-of-many-names-and-many-nations/,Chapter 11 - A Place of Many Names and Many Nations - Gavin MenziesGavin Menzies,236,02_book_ii
5,02_Chapter12_E2 80 93 A Ship In The Desert_05_5b5a,https://www.gavinmenzies.net/Evidence/chapter-12-%e2%80%93-a-ship-in-the-desert/,Chapter 12 - A Ship in the Desert - Gavin MenziesGavin Menzies,177,02_book_ii
6,02_Chapter13_E2 80 93 New Worlds For Old_06_ca83,https://www.gavinmenzies.net/Evidence/chapter-13-%e2%80%93-new-worlds-for-old/,Chapter 13 - New Worlds for Old - Gavin MenziesGavin Menzies,304,02_book_ii
7,02_Chapter14_E2 80 93 Rich Exotic Lands_07_8918,https://www.gavinmenzies.net/Evidence/chapter-14-%e2%80%93-rich-exotic-lands/,"Chapter 14 - Rich, exotic lands - Gavin MenziesGavin Menzies",284,02_book_ii
8,02_Chapter15_E2 80 93 Proud Ninevah_08_ccc2,https://www.gavinmenzies.net/Evidence/chapter-15-%e2%80%93-proud-ninevah/,Chapter 15 - Proud Ninevah - Gavin MenziesGavin Menzies,385,02_book_ii
9,02_Chapter16_E2 80 93 The Key To India_09_7435,https://www.gavinmenzies.net/Evidence/chapter-16-%e2%80%93-the-key-to-india/,Chapter 16 - The key to India - Gavin MenziesGavin Menzies,301,02_book_ii
10,02_Chapter17_E2 80 93 Indian Ocean Trade In The Bronze _df91,https://www.gavinmenzies.net/Evidence/chapter-17-%e2%80%93-indian-ocean-trade-in-the-bronze-age/,Chapter 17 - Indian Ocean trade in the Bronze Age - Gavin MenziesGavin Menzies,345,02_book_ii
11,02_Chapter18_E2 80 93The Truth Is In The Trade_11_a0cd,https://www.gavinmenzies.net/Evidence/chapter-18-%e2%80%93the-truth-is-in-the-trade/,Chapter 18 -The truth is in the trade - Gavin MenziesGavin Menzies,343,02_book_ii
1,03_Chapter19_E2 80 93 Nec Plus Ultra Entering The Atlan_3759,https://www.gavinmenzies.net/Evidence/chapter-19-%e2%80%93-nec-plus-ultra-entering-the-atlantic/,Chapter 19 - Nec Plus Ultra: Entering the Atlantic - Gavin MenziesGavin Menzies,348,03_book_iii
2,03_Chapter20_E2 80 93 A Folk Memory Of Home_02_5562,https://www.gavinmenzies.net/Evidence/chapter-20-%e2%80%93-a-folk-memory-of-home/,Chapter 20 - A Folk Memory of Home? - Gavin MenziesGavin Menzies,197,03_book_iii
3,03_Chapter21_E2 80 93 Spain And La Tauromaquia_03_e5e4,https://www.gavinmenzies.net/Evidence/chapter-21-%e2%80%93-spain-and-la-tauromaquia/,Chapter 21 - Spain and La Tauromaquia - Gavin MenziesGavin Menzies,244,03_book_iii
4,03_Chapter22_E2 80 93 Blazing The Trail To Dover_04_f2f9,https://www.gavinmenzies.net/Evidence/chapter-22-%e2%80%93-blazing-the-trail-to-dover/,Chapter 22 - Blazing the Trail to Dover - Gavin MenziesGavin Menzies,180,03_book_iii
5,03_Chapter23_E2 80 93 The Land Of Running Silver_05_64d1,https://www.gavinmenzies.net/Evidence/chapter-23-%e2%80%93-the-land-of-running-silver/,Chapter 23 - The Land of Running Silver - Gavin MenziesGavin Menzies,202,03_book_iii
6,03_Chapter24_E2 80 93 A Labyrinth In Dragon Country_06_b014,https://www.gavinmenzies.net/Evidence/chapter-24-%e2%80%93-a-labyrinth-in-dragon-country/,Chapter 24 - A Labyrinth in Dragon Country - Gavin MenziesGavin Menzies,212,03_book_iii
7,03_Chapter25_E2 80 93 Strange Beasts And Astrolabes_07_7cb8,https://www.gavinmenzies.net/Evidence/chapter-25-%e2%80%93-strange-beasts-and-astrolabes/,Chapter 25 - Strange Beasts and Astrolabes - Gavin MenziesGavin Menzies,290,03_book_iii
1,04_Chapter26_E2 80 93 Seeing The Skies In Stone_01_e494,https://www.gavinmenzies.net/Evidence/chapter-26-%e2%80%93-seeing-the-skies-in-stone/,Chapter 26 - Seeing the Skies in Stone... - Gavin MenziesGavin Menzies,246,04_book_iv
2,04_Chapter27_E2 80 93 Mediterranean And Atlantic Megali_3d22,https://www.gavinmenzies.net/Evidence/chapter-27-%e2%80%93-mediterranean-and-atlantic-megaliths/,Chapter 27 - Mediterranean and Atlantic Megaliths - Gavin MenziesGavin Menzies,255,04_book_iv
3,04_Chapter28_E2 80 93 Stonehenge E2 80 93 The Master Work_03_774b,https://www.gavinmenzies.net/Evidence/chapter-28-%e2%80%93-stonehenge-%e2%80%93-the-master-work/,Chapter 28 - Stonehenge - the Master Work - Gavin MenziesGavin Menzies,416,04_book_iv
4,04_Chapter29_E2 80 93 From The Med To The Megalith_04_fc4c,https://www.gavinmenzies.net/Evidence/chapter-29-%e2%80%93-from-the-med-to-the-megalith/,Chapter 29 - From the Med to the Megalith - Gavin MenziesGavin Menzies,265,04_book_iv
5,04_Chapter30_The Land That Time Forgot 2_05_1fe7,https://www.gavinmenzies.net/Evidence/chapter-30-the-land-that-time-forgot-2/,Chapter 30 - The Land that Time Forgot - Gavin MenziesGavin Menzies,178,04_book_iv
6,04_Chapter31_E2 80 93 The Bronze Boy_06_525c,https://www.gavinmenzies.net/Evidence/chapter-31-%e2%80%93-the-bronze-boy/,Chapter 31 - The Bronze Boy - Gavin MenziesGavin Menzies,206,04_book_iv
1,05_Chapter32_E2 80 93 The Seekers Set Sail_01_bd89,https://www.gavinmenzies.net/Evidence/chapter-32-%e2%80%93-the-seekers-set-sail/,Chapter 32 - The Seekers Set Sail - Gavin MenziesGavin Menzies,226,05_book_v
2,05_Chapter33_E2 80 93 A Metallurgical Mystery_02_838f,https://www.gavinmenzies.net/Evidence/chapter-33-%e2%80%93-a-metallurgical-mystery/,Chapter 33 - A Metallurgical Mystery - Gavin MenziesGavin Menzies,544,05_book_v
3,05_Chapter34_E2 80 93 Adventures By Water_03_333a,https://www.gavinmenzies.net/Evidence/chapter-34-%e2%80%93-adventures-by-water/,Chapter 34 - Adventures by water - Gavin MenziesGavin Menzies,293,05_book_v
4,05_Chapter35_E2 80 93 A Heavy Load Indeed_04_7020,https://www.gavinmenzies.net/Evidence/chapter-35-%e2%80%93-a-heavy-load-indeed/,Chapter 35 - A Heavy Load Indeed - Gavin MenziesGavin Menzies,333,05_book_v
5,05_Chapter36_E2 80 93 Into The Deep Unknown_05_b3ab,https://www.gavinmenzies.net/Evidence/chapter-36-%e2%80%93-into-the-deep-unknown/,Chapter 36 - Into the Deep Unknown - Gavin MenziesGavin Menzies,232,05_book_v
6,05_Chapter37_E2 80 93 So The Proof_06_e9f0,https://www.gavinmenzies.net/Evidence/chapter-37-%e2%80%93-so-the-proof/,Chapter 37 - So: the Proof - Gavin MenziesGavin Menzies,345,05_book_v
1,06_Chapter38_E2 80 93 The Spots Marked E2 80 98X E2 80 99_01_655e,https://www.gavinmenzies.net/Evidence/chapter-38-%e2%80%93-the-spots-marked-%e2%80%98x%e2%80%99/,Chapter 38 - The Spots Marked 'X' - Gavin MenziesGavin Menzies,194,06_book_vi
2,06_Chapter39_E2 80 93 A New Beginning_02_327d,https://www.gavinmenzies.net/Evidence/chapter-39-%e2%80%93-a-new-beginning/,Chapter 39 - A New Beginning - Gavin MenziesGavin Menzies,232,06_book_vi
3,06_Chapter40_E2 80 93 A Return To Crete_03_68ad,https://www.gavinmenzies.net/Evidence/chapter-40-%e2%80%93-a-return-to-crete/,Chapter 40 - A Return to Crete - Gavin MenziesGavin Menzies,512,06_book_vi
4,06_Chapter41_The Legacy Of Hope_04_33fb,https://www.gavinmenzies.net/Evidence/chapter-41-the-legacy-of-hope/,Chapter 41- The Legacy of Hope - Gavin MenziesGavin Menzies,282,06_book_vi
1,07_Chapter01_3541_01_8f5b,https://www.gavinmenzies.net/Evidence/3541/,PS section - Further reading - Gavin MenziesGavin Menzies,55,07_ps_section
