﻿folder_name,url,title,section,chapter
01_Chapter01_An Adventure On Crete_01_1653,https://www.gavinmenzies.net/Evidence/chapter-1-an-adventure-on-crete/,An Adventure On Crete,Section 01,Chapter 1
01_Chapter02_E2 80 93 Under The Volcano_02_6c03,https://www.gavinmenzies.net/Evidence/chapter-2-%e2%80%93-under-the-volcano/,E2 80 93 Under The Volcano,Section 01,Chapter 2
01_Chapter03_E2 80 93 The Search For The Minoan Naval B_df81,https://www.gavinmenzies.net/Evidence/chapter-3-%e2%80%93-the-search-for-the-minoan-naval-base/,,Section 01,Chapter 3
01_Chapter04_E2 80 93 Return To Phaestos_04_51d9,https://www.gavinmenzies.net/Evidence/chapter-4-%e2%80%93-return-to-phaestos/,E2 80 93 Return To Phaestos,Section 01,Chapter 4
01_Chapter05_E2 80 93 The Ancient Scholars Speak_05_dd17,https://www.gavinmenzies.net/Evidence/chapter-5-%e2%80%93-the-ancient-scholars-speak/,E2 80 93 The Ancient Scholars Speak,Section 01,Chapter 5
01_Chapter06_E2 80 93 The Missing Link Copper_06_71ee,https://www.gavinmenzies.net/Evidence/chapter-6-%e2%80%93-the-missing-link-copper/,E2 80 93 The Missing Link Copper,Section 01,Chapter 6
01_Chapter07_E2 80 93 Who Were The Minoans_07_8822,https://www.gavinmenzies.net/Evidence/chapter-7-%e2%80%93-who-were-the-minoans/,E2 80 93 Who Were The Minoans,Section 01,Chapter 7
02_Chapter08_E2 80 93 The Lost Wreck And The Buried Tre_22eb,https://www.gavinmenzies.net/Evidence/chapter-8-%e2%80%93-the-lost-wreck-and-the-buried-treasure-trove/,,Section 02,Chapter 8
02_Chapter09_E2 80 93 Sailing From Byzantium_02_4c8f,https://www.gavinmenzies.net/Evidence/chapter-9-%e2%80%93-sailing-from-byzantium/,E2 80 93 Sailing From Byzantium,Section 02,Chapter 9
02_Chapter10_E2 80 93 Life In The Library_03_a390,https://www.gavinmenzies.net/Evidence/chapter-10-%e2%80%93-life-in-the-library/,E2 80 93 Life In The Library,Section 02,Chapter 10
02_Chapter11_E2 80 93 A Place Of Many Names And Many Na_cac3,https://www.gavinmenzies.net/Evidence/chapter-11-%e2%80%93-a-place-of-many-names-and-many-nations/,,Section 02,Chapter 11
02_Chapter12_E2 80 93 A Ship In The Desert_05_5b5a,https://www.gavinmenzies.net/Evidence/chapter-12-%e2%80%93-a-ship-in-the-desert/,E2 80 93 A Ship In The Desert,Section 02,Chapter 12
02_Chapter13_E2 80 93 New Worlds For Old_06_ca83,https://www.gavinmenzies.net/Evidence/chapter-13-%e2%80%93-new-worlds-for-old/,E2 80 93 New Worlds For Old,Section 02,Chapter 13
02_Chapter14_E2 80 93 Rich Exotic Lands_07_8918,https://www.gavinmenzies.net/Evidence/chapter-14-%e2%80%93-rich-exotic-lands/,E2 80 93 Rich Exotic Lands,Section 02,Chapter 14
02_Chapter15_E2 80 93 Proud Ninevah_08_ccc2,https://www.gavinmenzies.net/Evidence/chapter-15-%e2%80%93-proud-ninevah/,E2 80 93 Proud Ninevah,Section 02,Chapter 15
02_Chapter16_E2 80 93 The Key To India_09_7435,https://www.gavinmenzies.net/Evidence/chapter-16-%e2%80%93-the-key-to-india/,E2 80 93 The Key To India,Section 02,Chapter 16
02_Chapter17_E2 80 93 Indian Ocean Trade In The Bronze _df91,https://www.gavinmenzies.net/Evidence/chapter-17-%e2%80%93-indian-ocean-trade-in-the-bronze-age/,,Section 02,Chapter 17
02_Chapter18_E2 80 93The Truth Is In The Trade_11_a0cd,https://www.gavinmenzies.net/Evidence/chapter-18-%e2%80%93the-truth-is-in-the-trade/,E2 80 93The Truth Is In The Trade,Section 02,Chapter 18
03_Chapter19_E2 80 93 Nec Plus Ultra Entering The Atlan_3759,https://www.gavinmenzies.net/Evidence/chapter-19-%e2%80%93-nec-plus-ultra-entering-the-atlantic/,,Section 03,Chapter 19
03_Chapter20_E2 80 93 A Folk Memory Of Home_02_5562,https://www.gavinmenzies.net/Evidence/chapter-20-%e2%80%93-a-folk-memory-of-home/,E2 80 93 A Folk Memory Of Home,Section 03,Chapter 20
03_Chapter21_E2 80 93 Spain And La Tauromaquia_03_e5e4,https://www.gavinmenzies.net/Evidence/chapter-21-%e2%80%93-spain-and-la-tauromaquia/,E2 80 93 Spain And La Tauromaquia,Section 03,Chapter 21
03_Chapter22_E2 80 93 Blazing The Trail To Dover_04_f2f9,https://www.gavinmenzies.net/Evidence/chapter-22-%e2%80%93-blazing-the-trail-to-dover/,E2 80 93 Blazing The Trail To Dover,Section 03,Chapter 22
03_Chapter23_E2 80 93 The Land Of Running Silver_05_64d1,https://www.gavinmenzies.net/Evidence/chapter-23-%e2%80%93-the-land-of-running-silver/,E2 80 93 The Land Of Running Silver,Section 03,Chapter 23
03_Chapter24_E2 80 93 A Labyrinth In Dragon Country_06_b014,https://www.gavinmenzies.net/Evidence/chapter-24-%e2%80%93-a-labyrinth-in-dragon-country/,E2 80 93 A Labyrinth In Dragon Country,Section 03,Chapter 24
03_Chapter25_E2 80 93 Strange Beasts And Astrolabes_07_7cb8,https://www.gavinmenzies.net/Evidence/chapter-25-%e2%80%93-strange-beasts-and-astrolabes/,E2 80 93 Strange Beasts And Astrolabes,Section 03,Chapter 25
04_Chapter26_E2 80 93 Seeing The Skies In Stone_01_e494,https://www.gavinmenzies.net/Evidence/chapter-26-%e2%80%93-seeing-the-skies-in-stone/,E2 80 93 Seeing The Skies In Stone,Section 04,Chapter 26
04_Chapter27_E2 80 93 Mediterranean And Atlantic Megali_3d22,https://www.gavinmenzies.net/Evidence/chapter-27-%e2%80%93-mediterranean-and-atlantic-megaliths/,,Section 04,Chapter 27
04_Chapter28_E2 80 93 Stonehenge E2 80 93 The Master Work_03_774b,https://www.gavinmenzies.net/Evidence/chapter-28-%e2%80%93-stonehenge-%e2%80%93-the-master-work/,E2 80 93 Stonehenge E2 80 93 The Master Work,Section 04,Chapter 28
04_Chapter29_E2 80 93 From The Med To The Megalith_04_fc4c,https://www.gavinmenzies.net/Evidence/chapter-29-%e2%80%93-from-the-med-to-the-megalith/,E2 80 93 From The Med To The Megalith,Section 04,Chapter 29
04_Chapter30_The Land That Time Forgot 2_05_1fe7,https://www.gavinmenzies.net/Evidence/chapter-30-the-land-that-time-forgot-2/,The Land That Time Forgot 2,Section 04,Chapter 30
04_Chapter31_E2 80 93 The Bronze Boy_06_525c,https://www.gavinmenzies.net/Evidence/chapter-31-%e2%80%93-the-bronze-boy/,E2 80 93 The Bronze Boy,Section 04,Chapter 31
05_Chapter32_E2 80 93 The Seekers Set Sail_01_bd89,https://www.gavinmenzies.net/Evidence/chapter-32-%e2%80%93-the-seekers-set-sail/,E2 80 93 The Seekers Set Sail,Section 05,Chapter 32
05_Chapter33_E2 80 93 A Metallurgical Mystery_02_838f,https://www.gavinmenzies.net/Evidence/chapter-33-%e2%80%93-a-metallurgical-mystery/,E2 80 93 A Metallurgical Mystery,Section 05,Chapter 33
05_Chapter34_E2 80 93 Adventures By Water_03_333a,https://www.gavinmenzies.net/Evidence/chapter-34-%e2%80%93-adventures-by-water/,E2 80 93 Adventures By Water,Section 05,Chapter 34
05_Chapter35_E2 80 93 A Heavy Load Indeed_04_7020,https://www.gavinmenzies.net/Evidence/chapter-35-%e2%80%93-a-heavy-load-indeed/,E2 80 93 A Heavy Load Indeed,Section 05,Chapter 35
05_Chapter36_E2 80 93 Into The Deep Unknown_05_b3ab,https://www.gavinmenzies.net/Evidence/chapter-36-%e2%80%93-into-the-deep-unknown/,E2 80 93 Into The Deep Unknown,Section 05,Chapter 36
05_Chapter37_E2 80 93 So The Proof_06_e9f0,https://www.gavinmenzies.net/Evidence/chapter-37-%e2%80%93-so-the-proof/,E2 80 93 So The Proof,Section 05,Chapter 37
06_Chapter38_E2 80 93 The Spots Marked E2 80 98X E2 80 99_01_655e,https://www.gavinmenzies.net/Evidence/chapter-38-%e2%80%93-the-spots-marked-%e2%80%98x%e2%80%99/,E2 80 93 The Spots Marked E2 80 98X E2 80 99,Section 06,Chapter 38
06_Chapter39_E2 80 93 A New Beginning_02_327d,https://www.gavinmenzies.net/Evidence/chapter-39-%e2%80%93-a-new-beginning/,E2 80 93 A New Beginning,Section 06,Chapter 39
06_Chapter40_E2 80 93 A Return To Crete_03_68ad,https://www.gavinmenzies.net/Evidence/chapter-40-%e2%80%93-a-return-to-crete/,E2 80 93 A Return To Crete,Section 06,Chapter 40
06_Chapter41_The Legacy Of Hope_04_33fb,https://www.gavinmenzies.net/Evidence/chapter-41-the-legacy-of-hope/,The Legacy Of Hope,Section 06,Chapter 41
07_Chapter01_3541_01_8f5b,https://www.gavinmenzies.net/Evidence/3541/,3541,Section 07,Chapter 1
