﻿page_number,folder_name,url,title,content,author,word_count
6,12_Chapter006_Similarities_Between_Chinese_Medicine_An_006_b5ab,https://www.gavinmenzies.net/Evidence/6-similarities-between-chinese-medicine-and-mayan-healing-antonia-bowen-jones/,6 Similarities between Chinese Medicine and Mayan Healing - Antonia Bowen-Jones - Gavin MenziesGavin Menzies,"6 Similarities between Chinese Medicine and Mayan Healing - Antonia Bowen-Jones
View:
Complete 1421 listings
Posted on
August 16, 2011
Similarities between Chinese Medicine and Mayan Healing - Antonia Bowen-Jones
The Fascinating Similarities between Chinese Medicine and Traditional Mayan Healing.
I shall here take you through the most significant parallels that can be drawn between these two traditions, focusing on the ancient art of Acupuncture. The anthropological question here arises - can these age-old healing practices have evolved independently of each other or is their startling similarity the result of one societies influence over another? The Buctzotz Mayan dna tests results have proven to be almost identical to South East Asian dna
click here
We believe that the Zheng He's fleets integrated with the Mayans of Mexico in the 1421 voyages of exploration. We now however know Zheng He's Fleets expeditions to the New World to be the last, albeit the greatest, of the Chinese voyages, before China closed in on itself and went to sleep for 600 years. The Mayan civilisation is probably the best known of the classical civilizations of Mesoamerica, originating in Yucatan, Mexico around 2600 BC rising to prominence around 250AD. See link for Mayan History: (yet to be completed.)
New conclusive evidence has recently arisen in the form of ancient Chinese maps of the Americas - the earliest being dated to 2000 years ago. We now know that Chinese maritime history goes much further back than we had previously appreciated - indeed making even more of a mockery of the Columbus theory! Kubilai Khan is now also known to have ventured expeditions to the America in the mid thirteenth century. Again maps have been found to prove this amazing discovery. Why you may ask has this fascinating evidence been keep from us until now? The answer is we can't possibly imagine - conspiracy, corruption or just general incompetence of historians or perhaps fear of the impact of such revelations -who knows? The fact is truths are now rapidly being unveiled in the form of historical documentation and a vast array of other sources, propelling our aim to put history right.
The similarities of Mayan healing and Chinese medicine have been drawn to my attention through the recommendation of the scintillating book Wind in the Blood: Mayan Healing and Chinese Medicine by Hernan Garcia, Antonio Sierra, Giberto Balam; available for purchase at Amazon.com. The aim of this book is purely for the interest and understanding of Mayan medicinal practice and the writers can therefore not be said to adhere to our possible anthropological theory of this evidence. As they state:
""""It does not interest us to demonstrate the similarities between these two medical systems 'per se'. We are not trying to force comparisons between the two, nor to support current anthropological arguments. We were, and are, simply attempting to understand traditional Mayan medicine, in its fragmented state, and to do so by using the categories given us by the Chinese system.""""
The team decided to use the Chinese system as a model in order to aid their understanding of Mayan medicine as Western medicine is so far removed from traditional Mayan medicine. In doing so many parallels and similarities of the two ancient medicinal practices were found.
The connection between Mayan and Chinese medicine are very profound - down to the use of the same pressure points.
The basis of the current understanding of prehispanic Mayan medicine, can be briefly summed up as follows:
· Supernatural causes such as the will of gods and spirits were believed to be the cause of diseases. Specific gods were related to particular diseases. Fundamental diseases were symbolized by different animals.
· Winds were believed to be the cause of many diseases.
· Cardinal directions, the winds, animals and disease were believed to be related.
· Time was seen as sacred. Periods such as years, months, and days had great influence over the world and human life.
· Temperature categorized diseases in accordance with principles of hot and cold.
· The role of priests and healers were combined due to the supernatural causes of disease. This is still apparent, most particularly in the role of the j'meen (shaman).
· Diagnosis was reached through consultation with the patient, by palpation and divination.
· Medicinal plants, reciting palms and the practice of bleeding were the dominant resources in curing disease.
""""We discovered that from the moment we began to introduce Asian techniques like Shiatsu massage and acupuncture into our community health work, we were received differently than when we had presented ourselves as Western doctors. The people in general, but particularly the curanderos, identified with us more readily, and soon opened up and began sharing with us their own form of massage - jet- and the applications of Mayan acupuncture known as jup and tok.
Chinese and Mayan Acupuncture
· Mayan acupuncture as two variants: jup and tok.
· Curanderos is the name for traditional Mayan medical practitioners.
· Chi - is a Chinese word to often translated as 'vital energy'. It is associated with air and wind can be seen used here to describe the energy, which practitioners of Chinese medicine use to regulate and direct in this healing practice.
· The points are worked to help the relief and extinction of physical ailments and pain. Both the Mayan and Chinese practices relate to the bodies natural energy lines and balance of yin and yang.
· The acupuncture points lie on the bodies' channels and are used to insure the correct flow of blood and energy, chi or winds runs within these channels. The channels also represent organs of the body.
·
Jup
The practice of jup involves the pricking of different points, without drawing blood, """"two move the stagnant blood and air."""" Some points are specific for healing wounds or pains caused by air that has entered the body. These points are generally distal i.e. not the actual location of the pain but relate to it though often the point being pricked will be in the close vicinity to the pain.
In some communities mothers practice this sort of acupuncture on their children at home to cure such illnesses as asthma and indigestion.
Jup is practiced in two ways. One way is to puncture the skin three times in the designated spot - in doing so lifting a fold of skin with your thumb and index finger and applying the spine with the other hand. The punture is made with a fast action usually with a fang or a rattlesnake or the fine spines of some species of fish ie manta ray, lebiza and xtoon. This will be done three times reaching a depth of almost a centimetre.
The other form of jup is done with sharp spines i.e. the spur of a wild turkey and the point of desire is hit repeatedly yet without penetrating the skin, until the surface is red or inflamed.
Tok
This other form of Mayan acupuncture is expressly used in order to draw blood. This practice is often combined with cupping. The actual puncture is the same as jup yet in some cases the penetration of the spine may be deeper or less.
This technique is used specifically in illnesses related to excess blood and internal winds. The points used in tok and the use of the techniques have been found to correspond to the Chinese technique ci xue liao fa.
Points which where Mayan and Chinese Acupuncture correspond (see diagrams for position of points)
Between the eyebrows
This is considered a crucial point because the blood of the head runs through it. In Chinese medicine this point is known as yintang and is also considered very important. This point is worked in cases of dizziness and chronic or acute convulsions. It is also used in cases of rhinitis, flu, insomnia, hypertension, frontal headache, illnesses of the nose and head, nervous vomiting and dizziness in childbirth.
In the suprasternal notchi
This is known in Chinese medicine as tian tu meaning heaven's prominence. In both traditions this point is considered to relate to the health of the lungs. Mayans perform jup on this point in cases of chronic asthma and for coughs and flu. The Chinese work this point for the same medical reasons and any illness pertaining to the area of the throat ie laryngitis.
In the superior part of the sternum
This point is located in the superior sternum directly below tian tu and is used by both medical traditions also in the elimination of coughs and asthma, chest pain and pharyngitis.
Five points between the ribs to the sides of the sternum:
Some curanderos use these points to strengthen the support the treatment of asthma. All the intercostals spaces on each side of the sternum are normal punctured. The equivalent points in Chinese are
- Yuxhong - found on the side of the sternum at the first intercostals space. It is used to control coughs and asthma by regulating the chi in the lungs.
Shencang - located at second intercostals space. This point regulates the lung chi and eliminates heat. Used in cases of coughs, asthma, nausea and chest pains.
- Lingxu - found at the third intercostals space. Used for same ailments as above plus hypochondria and mastitis.
- Shenfeng - Point at fourth intercostals space. Functions for same ailments as the four points above as well as to help be in command of excess phlegm.
- Bulang - Found in the fifth intercostals space and is again used in the treatment of coughs and asthma and to help regulate lung chi.
In the shoulder
The point is found below the clavicle towards the shoulder crease forming part of the above mentioned cross again used to control coughs and asthma. This point is known in Chinese acupuncture as shufu. Once worked it regulates the chi in the body and eases breathing, calms nausea and is also used when loss of appetite occurs.
Behind the ear, below the mastoid process
The Mayan curanderos say that by puncturing this point """"the ear opens"""". It is known in Chinese acupuncture as yifeng and used for such aliments as deafness, tinitis, muteness. Moxibustion is often used on this point in cases of buzzing and pain in the ears.
Between the upper lip and the nose
In Mayan medicine this point is punctured in cases of flu with a cough and also to treat headaches. This point is known as renzhong or shuigou in Chinese medicine and is used for the loss of smell yet also for inflammations of the face and lips, lockjaw, facial paralysis, epilepsy, diabetes and mental disorders.
Beneath the lower lip, below and between the two incisors
This point is known as cheng jiang in Chinese medicine. Both practices use this point in the aid of toothache. The Chinese also use this point for muteness and mental disorders.
At the hairline on either side of the forehead
Chiba pool in Mayan - a type of headache caused by heated wind stagnating the blood in the head. Known as touwei in Chinese and is used to eliminate wind, disperse heat and clear the head and eyes. Used in cases of congested head and also blurred vision, vertigo and eye pain.
In the midline of the face, on the hairline of the forehead
Called shenting in Chinese. In Mayan medicine this is generally punctured in conjunction with the afore mentioned point. Both practices use this point in the treatment of headaches. The Chinese also use this point for cases of insomnia, hysteria and asthma.
At the hairline in the temporal region of the head
Only used in conjunction with the afore two points in the case of headaches due to wind and stagnant blood - punctured with the spine of a manta ray. The Chinese call this point hanyan for migraines, painful or difficult vision, epilepsy, dizziness and neck arm and hand pain.
In the parietal artery of the temple
When tok is applied to this point - the curanderos only allows a few drops of blood to be shed. If a patient also has a fever - the treatment of this point is complimented by a vapor bath (in order to break the fever). Chinese medicine's point sizhukong is found at the outer end of the eyebrow in the lateral depression. It is worked on in cases of vertigo, toothache, nausea with vomiting, poor vision and epilepsy.
Points that form a cross around the fountanel
The four cardinal directions of the head are here symbolized in these points. They are used most often in the treatment of asthma. They correspond to the Chinese points named houding - used for headaches, madness, epilepsy and vertigo. Quiangding - used for the treatment of headaches, painful vision epistaxis and vomiting. Luoque- is used for dizziness, tinitis, blurred vision and mental unrest.
On the posterior aspect of the arm, between ulna and radius, near the centre of the forearm
This point is used by the curanderos to ease shoulder pain. It is called sidu in Chinese and is situated between the ulna and the radius. Its purpose is to open the orifices and clear the brain, ears and the throat. In addition to shoulder pain, the Chinese use this point in the aid of painful gums and teeth, deafness and rigidity and paralysis of the fingers.
In the internal aspect of the elbow, in a hollow in the cubital bone
This point is used in both practices to cure rheumatism in the upper body. Chinese medicine also uses this in the aid of diarrhea, gastric ulcer and inflammation of the gums.
In the hollow between your fourth metacarpal and little finger
This point named yemen in Chinese is found when you clench your hand in a fist, between the knuckle of your 'ring finger' and your 'pinky'. It is used in both practices for the relief of pain in the hand and arm. The Chinese also use this point for sadness, fear, headaches and malaria.
On the dorsal side of the hand between the fourth and fifth metacarpals
This point corresponds to zhongzhou in Chinese. Both practices use it in the relief of hand and upper arm pain. The Chinese additionally use it for headaches, ringing in the ears, red eyes, pharyngitis and febrile illnesses with sweating.
In the spinal column above the protrusion of the seventh cervical vertebrae
Some curanderos use this point to lower fevers (chokuil). Dazhui in Chinese is the point where all the yang energy lines meet. Its role is to bring down the chi, which has moved in the opposite direction. The Chinese also use this point to treat a fever. They also use it for the treatment of malaria, depression, hysteria, pulmonary tuberculosis and spasms in the back and arms.
In the back, on either side of the spine, below the fourth lumbar vertebrae
This point, Dachangshu in Chinese, is used by both practices to settle the stomach - help with indigestion, constipation and general abdominal unrest.
In the leg, on the medial side of the tibia, in a hallow four fingers from the knee
Some curanderos use this point in the treatment of swollen legs and feet. It is a very commonly used point in Chinese medicine and is called zusanli meaning 'three more miles' as it is said to renew the bodies strength. Again used to treat weakness in the legs and feet yet also for chronic and acute conditions of all the internal organs, weight loss, gastric pain, hypertension among others.
Two fingers above the knee on the outer aspect of the thigh
The Mayans and Chinese use this point for pain in the feet and legs. Liangqui (Chinese) is also used for lumbar pain, fear, mastitis and gastric pain.
In the centre of the dorsal aspect of the foot, below the inferior end of the tibia
The Mayans use this for helping the movement of the toes in cases of inflamed feet. Known in Chinese medicine as jiexi and is used to fortify the spleen, help in the swelling of the legs, feet and knees, cramps of the lower limbs, headaches and palpitations.
On the foot, at the root of the second and third toes
This point called neiting in Chinese, treats the inflammation of feet and toes and is also used in Chinese medicine for helping the relief of nightmares, toothache, lack of appetite and anginas.
The sublingual veins
These are found on the lower side of the tongue and are punctured to prevent epileptic fits and bouts of hysteria. The Chinese call these jin jin yuye and are similarly used in the treatment of convulsions but also to diarrhoea and diabetes.
Other points in Mayan medicine for treating pain in the upper extremities, which correspond to points in Chinese traditional medicine.
These are all treated with massage, poultices, jup and tok in Mayan medicine. All these points are also used in the elimination of heat and the regulation of blood and chi.
·
Houxi
. Found on the side of the hand, below the knuckle of the little finger, where the skin changes colour from the darker shade to the lighter palm colour. This point is used in cases of spasms of the elbow, arms and fingers, malaria, epilepsy, night sweats, deafness and headaches.
·
Wangu
. Found on the upper side of the hand in the indentation between the little finger and the triangular bone. This point is used in cases of pain in the fingers, arm, elbow, jaundice, febrile illnesses without perspiration, tinitis and diabetes.
·
Quchi
. Situated in a hollow at the end of the elbow crease. This point is used in the treatment of arm and elbow pain, abdominal pain, nausea, throat pain, and apoplexy.
·
Zhouliao
. Found in the outer aspect of the humerus. Used in the cases of swelling, pain and calcification in the arm and elbow.
·
Binao
. Located on the arm in the deltoid V. Used in cases of neck tension, stiffness and pain of arms and shoulder and scrofula (TB).
Points used by Mayan curanderos for pain in the lower limbs, which correspond to points in Chinese traditional medicine:
·
Yinshi
functions to bring the meridians into communication, to activate the collaterals, and to eliminate heat and dampness. It is used in cases of swelling, pain and disorders of the lower limbs.
·
Dubi
. Located in the articulation of the knee, in a hollow over the tendon. Its function is to eliminate cold and wind. It is indicated for pain, swelling, beriberi, and motor disorders of the knee.
·
Kunlun
. Located in the ankle above the heel bone, between the exterior maleolus and the Achilles tendon, on the outer aspect of the foot. Its function is to clear the head and eyes, relax the tendons, and transform phlegm. It is indicated in cases of pain in the heel, back and head, neck stiffness, pain and spasms in the arm and shoulder, lumbago, blurred vision, nosebleed, epilepsy in children, and difficult labor.
·
Pushen
. Beneath kunlun in the depression of the heel bone where the light and dark skins meet. Its function is to reduce inflammation and pain, clear the brain, and wake the spirit. It is used in muscular atrophy and weakness of the lower limbs, pain in the heel, lumbago and motion sickness.
·
Shenmai
. It is just below the external maleolus, in the depression along the edge of the lateral maleolus bone. Its function is to clear heat, dampness and stagnation. Its function is to clear heat, dampness, and stagnation. It calms the spirit and regulates blood and chi. It is indicated in pain of the lower limbs and back, epilepsy, mental disorders, headache, dizziness, and insomnia.
·
Qiuxu
. Before and below the external maleolus, in the hollow. Its function is to disperse stagnant liver and gall bladder chi and eliminate stagnation. It is used in weakness and pain of the lower limbs, pain and swelling of the ankle joints, motor disorders, neck and hypochondriac pain, swelling in the axillary region, nausea, acid indigestion, muscular atrophy and malaria.
Points in the hips and waist
·
Wuli
of the femur. Found on the interior aspect of the thigh, towards the front.
·
Yinlian
. Above wuli, found on the outer aspect of the large abductor muscle. Its function is to regulate and tonify the kidney and liver and to eliminate heat and dampness. It is used in cases of irregular menstruation, pain in the genitals, thighs, and legs and leuccorhea.
·
Jimai
. In the inguinal crease, along the same line as yinlian. Its function is to tonify and regulate the liver and kidney, to clear heat, and eliminate dampness. It is used for hernia, and pain in the abdominal region and genitals.
The majority of the Mayan points can therefore be seen here to correspond with Chinese points. These two ancient healing traditions also share other practices:
Poultices and the Application of Heat
Poultices are soft mass that is heated and applied to aching of inflamed limbs. Chinese poultices are made out of plants, animal products and various types of clay to make their poultices. The Mayan poultices and plasters are chiefly made out of plants although there is some use of animal and mineral products in the preparatory stages.
The principle in both systems remains the same: to apply poultices with thermal properties, which relate to the illness being treated.
In China preparations of warm-natured plants is hardly used any more due to the more efficient techniques that exist i.e. moxibustion, which focuses heat directly to the area of concern. The Mayans version of moxibustion is holding charcoal embers above the desired point.
Comment:
If you have comments or suggestions on this article please click here
Chapter 1 - An adventure on Crete
»
Comments are closed.",Gavin Menzies,3652
