﻿page_number,folder_name,url,title,content,author,word_count
20,13_Chapter020_The_Catlins_Introduction_020_9150,https://www.gavinmenzies.net/Evidence/20-the-catlins-introduction/,20 THE CATLINS: Introduction - Gavin MenziesGavin Menzies,"20 THE CATLINS: Introduction
View:
Complete 1421 listings
Posted on
August 16, 2011
THE CATLINS: Introduction
Maps H46,G46 & G47, 50,000 series, Land information dept.
This area is renowned for its huge sandy bays with wonderful beaches, some 3km long, backed by high sand hills. Each bay is separated from its' neighbour by rocky headlands.
The largest town is Balclutha situated on the Clutha River. The cartographic evidence, i.e. linear navigation islands, is that this river, at some time, has been converted to form a navigable transportation highway.
Comment:
If you have comments or suggestions on this article please click here
Chapter 1 - An adventure on Crete
»
Comments are closed.",Gavin Menzies,112
