﻿folder_name,url,title
01_Chapter 1 A Last Voyage_01_8c35,https://www.gavinmenzies.net/Evidence/chapter-1-a-last-voyage/,Chapter 1 A Last Voyage
01_Chapter 2 The Emperors Ambassador_02_cc98,https://www.gavinmenzies.net/Evidence/chapter-2-the-emperors-ambassador/,Chapter 2 The Emperors Ambassador
01_Chapter 3 The Fleets Are Prepared For The Voyage To _ca69,https://www.gavinmenzies.net/Evidence/chapter-3-the-fleets-are-prepared-for-the-voyage-to-the-barbarians/,
01_Chapter 4 Zheng Hes Navigators Calculation Of Latitu_3077,https://www.gavinmenzies.net/Evidence/chapter-4-zheng-hes-navigators-calculation-of-latitude-and-longitude/,
01_Chapter 5 Voyage To The Indian Ocean_05_3386,https://www.gavinmenzies.net/Evidence/chapter-5-voyage-to-the-indian-ocean/,Chapter 5 Voyage To The Indian Ocean
01_Chapter 6 Cairo And The Red Sea Nile Canal_06_1487,https://www.gavinmenzies.net/Evidence/chapter-6-cairo-and-the-red-sea-nile-canal/,Chapter 6 Cairo And The Red Sea Nile Canal
02_Chapter 7 To The Venice Of Niccolo Da Conti_01_7f80,https://www.gavinmenzies.net/Evidence/chapter-7-to-the-venice-of-niccolo-da-conti/,Chapter 7 To The Venice Of Niccolo Da Conti
02_Chapter 8 Paolo Toscanellis Florence_02_279c,https://www.gavinmenzies.net/Evidence/chapter-8-paolo-toscanellis-florence/,Chapter 8 Paolo Toscanellis Florence
02_Chapter 9 Toscanelli Meets The Chinese Ambassador_03_d20f,https://www.gavinmenzies.net/Evidence/chapter-9-toscanelli-meets-the-chinese-ambassador/,Chapter 9 Toscanelli Meets The Chinese Ambassador
02_Chapter 10 Columbus And Magellans World Maps_04_5123,https://www.gavinmenzies.net/Evidence/chapter-10-columbus-and-magellans-world-maps/,Chapter 10 Columbus And Magellans World Maps
02_Chapter 11 The World Maps Of Schoener Waldseemueller_ac1a,https://www.gavinmenzies.net/Evidence/chapter-11-the-world-maps-of-schoener-waldseemueller-and-zheng-he/,
02_Chapter 12 Toscanellis New Astronomy_06_d441,https://www.gavinmenzies.net/Evidence/chapter-12-toscanellis-new-astronomy/,Chapter 12 Toscanellis New Astronomy
02_Chapter 13 The Florentine Mathematicians Toscanelli _6232,https://www.gavinmenzies.net/Evidence/chapter-13-the-florentine-mathematicians-toscanelli-nicholas-of-cusa-and-regiomontanus/,
02_Chapter 14 Alberti And Da Vinci_08_529e,https://www.gavinmenzies.net/Evidence/chapter-14-alberti-and-da-vinci/,Chapter 14 Alberti And Da Vinci
02_Chapter 15 Leonardo Da Vinci And Chinese Inventions_09_a99e,https://www.gavinmenzies.net/Evidence/chapter-15-leonardo-da-vinci-and-chinese-inventions/,Chapter 15 Leonardo Da Vinci And Chinese Inventions
02_Chapter 16 Da Vinci Di Giorgio Taccola And Alberti_10_b009,https://www.gavinmenzies.net/Evidence/chapter-16-da-vinci-di-giorgio-taccola-and-alberti/,Chapter 16 Da Vinci Di Giorgio Taccola And Alberti
02_Chapter 17 Silk And Rice_11_4f17,https://www.gavinmenzies.net/Evidence/chapter-17-silk-and-rice/,Chapter 17 Silk And Rice
02_Chapter 18 Grand Canals China And Lombardy_12_77bf,https://www.gavinmenzies.net/Evidence/chapter-18-grand-canals-china-and-lombardy/,Chapter 18 Grand Canals China And Lombardy
02_Chapter 19 Firearms And Steel_13_4f2c,https://www.gavinmenzies.net/Evidence/chapter-19-firearms-and-steel/,Chapter 19 Firearms And Steel
02_Chapter 20 Printing_14_c76c,https://www.gavinmenzies.net/Evidence/chapter-20-printing/,Chapter 20 Printing
03_Chapter 21 Chinas Contribution To The Renaissance_01_8547,https://www.gavinmenzies.net/Evidence/chapter-21-chinas-contribution-to-the-renaissance/,Chapter 21 Chinas Contribution To The Renaissance
03_Chapter 22 Tragedy On The High Seas Zheng Hes Fleets_62f4,https://www.gavinmenzies.net/Evidence/chapter-22-tragedy-on-the-high-seas-zheng-hes-fleets-destroyed-by-a-tsunami/,
03_Chapter 23 The Conquistadores Inheritance_03_04de,https://www.gavinmenzies.net/Evidence/chapter-23-the-conquistadores-inheritance/,Chapter 23 The Conquistadores Inheritance
