﻿page_number,folder_name,url,title,content,author,word_count
18,14_Chapter018_Smelter_Slag_Sample_018_b2c3,https://www.gavinmenzies.net/Evidence/18-smelter-slag-sample/,18 Smelter Slag sample - Gavin MenziesGavin Menzies,"18 Smelter Slag sample
View:
Complete 1421 listings
Posted on
August 16, 2011
Smelter Slag sample
RAFTER RADIOCARBON LABORATORY
Accelerator Mass Spectrometry Result
Sample
R28173
Description
Smelter slag
Sample ID
Smelter slag
Submitter
Thomas Cedric Bell
RADIOCARBON CALIBRATION REPORT
NZA17307 CONVENTIONAL RADIOCARBON AGE 854 ± 40 years BP
INTCAL98_14C
1998 Atmospheric radiocarbon ages. See Stuiver, M., Reimer, P.J., Bard, E., Beck, J.W., Burr, G.S., Hughen, K.A., Kromer, B., McCormac, F.G., v.d. Plicht, J., and Spurk,M. 1998, Radiocarbon 40(3): 1041-1083
CALIBRATED AGE in terms of cofidence intervals (Smoothing parameter: 1, Offset: 0)
2 sigma interval is 1043 AD to 1100 AD
plus 1115 AD to 1270 AD
907 BP to 850 BP (14.9% ofarea)
835 BP to 680 BP (80.0% of area)
1 sigma interval is 1162 AD to 1225 AD
788 BP to 725 BP (52.0% of area)
Comment:
If you have comments or suggestions on this article please click here
Chapter 1 - An adventure on Crete
»
Comments are closed.",Gavin Menzies,162
