﻿page_number,folder_name,url,title,content,author,word_count
8,08_Chapter 7   In Search Of Lost Civilisations 2_01_7f1a,https://www.gavinmenzies.net/Evidence/chapter-7-%e2%80%93-in-search-of-lost-civilisations-2/,Chapter 7 - In Search of Lost Civilisations - Gavin MenziesGavin Menzies,"Chapter 7 - In Search of Lost Civilisations
View:
Complete 1434 listings
Posted on
October 3, 2013
An adventure to Mexico and Guatemala to research the culture and heritage of their peoples. On our journey we learn of extensive similarities between the Maya and Chinese, not least DNA, customs and cultures. We travel to La Venta, where the Olmec are first believed to have settled by 1600 BC, although this date is continuously being pushed back - that is at the same time that Ramses II was building his temples; before the Assyrian Empire and a thousand years before the Parthenon was built in Athens.
Further reading:
Alexander Von Wuthenau - Unexpected Faces in Ancient America -
http://amzn.to/1fDNuk0
Gallenkamp, Charles.
Maya - the riddle and rediscovery of a lost civilisation
. London: Penguin books, 1987.
Riley, Carroll L., et al., eds.
Man Across the Sea.
Austin: University of Texas Press, 1971.
Smith, G. Elliot.
Elephants and Ethnologists: Asiatic Origins of the Maya Ruins
. London: Paul, Trench, Trubner, 1924.
Comment:
If you have comments or suggestions on this article please click here
«
Chapter 6 - The Genetic Evidence
Chapter 8 - The Olmec: The Foundation Culture of Central America
»
Comments are closed.",Gavin Menzies,204
