﻿page_number,folder_name,url,title,content,author,word_count
3,14_Chapter003_The_Jean_Rotz_Map_003_3143,https://www.gavinmenzies.net/Evidence/3-the-jean-rotz-map/,3 The Jean Rotz Map - Gavin MenziesGavin Menzies,"3 The Jean Rotz Map
View:
Complete 1421 listings
Posted on
August 16, 2011
The Jean Rotz Map
The Jean Rotz map was drawn by esteemed cartographer Jean Rotz, the official """"hydrographer"""" to King Henry VIII. The map was incorporated into the Boke of Idrography, presented to the king in 1542. It depicts the coastlines of Africa, Asia, India and China with great accuracy, yet more surprisingly it also shows the east, west and northernmost parts of Australia, Campbell and Auckland Island some two centuries before Cook made his """"discovery"""".&nbsp; Somebody must have surveyed the area in depth before the arrival of the Europeans. The only nation at the time with sufficent capacity, navigational expertise and prior knowledge of the&nbsp;area was China.
Comment:
If you have comments or suggestions on this article please click here
Chapter 1 - An adventure on Crete
»
Comments are closed.",Gavin Menzies,146
