﻿page_number,folder_name,url,title,content,author,word_count
2,05_Chapter002_Chinese_Knowledge_Of_The_World_In_002_d945,https://www.gavinmenzies.net/Evidence/2-chinese-knowledge-of-the-world-in-1421/,2 Chinese knowledge of the world in 1421 - Gavin MenziesGavin Menzies,"2 Chinese knowledge of the world in 1421
View:
Complete 1421 listings
Posted on
August 18, 2011
Chinese knowledge of the world in 1421
(i) Four major expeditions had been conducted by Zheng He, the first in 1405. Fleets had acted independently in voyages to Pacific, Indian Ocean, the Persian Gulf and Africa (Ma Huan).
(ii) Japan, Korea and central Asia had been known for centuries (Ma Huan).
(iii) Chinese had known of North and South Poles since 3rd century BC (Zhuangzi) and that the earth was round (para. 9(b)).
(iv) Australia had been known since 316 AD (para. 9).
(v) Americas known since 6th century AD Fu Sang, the accounts of the monk Huei Sen were entered in Chinese official records (Annals).
(vi) Three Chinese path-breaking books summarising knowledge of world (Wah Sang Lee evidence)
(a) Knowledge about South China and beyond (Lingwai Daida) by Zhou Qu Fei, 1178 AD.
(b) Records of Foreign Peoples (Zhu Fan Zhi) by Zhao Rukvo, 1225 AD.
(c) Records of Overseas Countries and Peoples (Daoyi Zhilue) by Wang Da Yuan, 1349 AD.
(vii) The Yuan traveller of the world - Wang Da Yuan - Barbarians of the Isles (includes Australia. T'oung Pao vol. 16, 1915 (Martin Tai))
(viii) Chinese knowledge of Australia - Melchior Thevenot Relations 1663 (Mark Righton)
(ix) British missionary diary - map of Australia (Martin Tai)
(x) Father Ricci's 1589 Map of Australia
(xi) Dong Fan Shue of Western Han dynasty reached North Pole in 132 BC (Beijing Morning News , Feb 9, 2003 - Report of Historian Ju de Yuan.)
(xii) Trade with Spain: Zhao Ru Kua (1170-1228) Zhu Fan Zhi (Description of various barbarians) has chapter on 'Muranbi Kingdom' = Al Murabitum (Kingdom in southern Spain) - Rockhill (Martin Tai).
(xiii)
The Illustrated Record of Strange Countries
(published 1430) shows pictures of armadillos - unique to Americas.
(xiv) 'Zu Zhi Ben Cao Pin Hui Jing Yao', part of a larger book, Zhong Guo Ben Cao Quan Shu (The Complete Herb Book of China, published 1503) shows pictures of peanuts then unique to the Americas (Key Sun).
(xv - xvii) 3 maps showing pre-Columbus America in Library of Congress, Washington D.C.
- Map of Dr. Hendon Harris
- Vellum map of Pacific coast (c.1300)
- Map of W. Central America (c.1500)
Many have commented on the
Shan Hai Jing
, a manuscript of several sources' origin, compiled between the 8th and 1st centuries BCE. The manuscript dates itself to the 3rd millennium BCE. Of specific importance are chapters (or Books) II, IV, and XIII, which deal with Chinese descriptions and mapping of lands to the extreme east of China. Although establishment scholars feel these are references to Korea or Japan, the duration of sailing time, descriptive topography, and duration of land travel are all at odds with that assertion. At any rate, Japan and Korea were well known to China, and neither would be considered a 'new' land. Most, if not all, of the information in the aforementioned books of Shan Hai Jing corresponds amazingly well with North and Central America, including many easily recognized sites, place names, and landmarks in Saskatchewan, Manitoba, Montana, the Dakotas, Wyoming, Utah, Colorado, Nevada, Arizona, Mexico, British Honduras, Guatemala, Nicaragua, and Costa Rica.
For more information on early Chinese maps of the Americas please visit
www.marcopolovoyages.com
and read Gunnar Thompson and Charlotte Harris Rees' presentations, made at the Library of Congress in May 2005.
Charlotte Harris Rees' Re-Publishes Her Father's Book - In 1972 Dr Hendon M. Harris Jr., a third generation missionary who had grown up in China, discovered an ancient map in an antique shop in Korea. His intimate knowledge of Chinese language and history enabled him to recognize the significance of his discovery and carry out research that led him to see the connection between the land of """"Fu Sang"""", mentioned in ancient Chinese literature, and America. His book,
The Asiatic Fathers of America (Chinese Discovery and Colonization of Ancient America)
, was published in 1975 in Taiwan. After his sudden death in 1981 his map collection was kept under a bed in his son's home, his book went out of print, and his work was virtually forgotten. In 2003, the growing interest in pre-Columbian exploration of America, caused in no small part by the publication of """"1421"""", inspired his daughter, Charlotte Harris Rees, to revise and re-publish her father's book. To learn more about this fascinating story please visit
www.asiaticfathers.com
In 1981 Harry Rutstein went to San Jose, California, to meet with Marcian F. Rossi, whose ancestors were given the maps of Marco Polo and letters from his daughter, Bellela. He was shown Rossi's entire original collection except those that he had given to the Library of Congress of which he had copies. He explained that one of the men who returned from Asia with the Polo's in 1294 was from his family. Since Bellela did not have any children the documents were given to his family to keep for posterity. They were for many centuries kept in hollowed out bones hidden in caves. When the Rossi family moved to the US they of course brought them along with them. For more information on these maps please visit
www.marcopolofound.org
and
www.marcopolovoyages.com
Despite many critics' assertions, we believe that the Chinese must have known that the earth was round in 1421. For example, in the chapter of
Western Instruments, Volume 48, Yuan History
, a sphere made my Zhamaluding was described as follows: """" The device is a wooden ball which, on its surface, has 70 percent of water that is painted green, and 30 percent of earth painted white. Rivers, lakes, and seas and all marked. There are little squares marked on the surface to indicate the size of lands and distance of routes.""""The Spherical Earth Theory was even applied in the maps of maritime countries in Volume 51 of Collection of Books: Heiba'a and Qiqing that are present at the southwest corner of Map of Southeast Maritime Countries also appear in the second page of Map of Southwest Maritime Countries. Besides, in the second page of Map of Southwest Maritime Countries, we can find that Ma An, an island situated around the Weddel Sea and the Antarctic Peninsula, appears again at the eastern end of Map of Southeast Maritime Countries. It means that Ma An is on the border of the areas shown in the two maps. This demonstrates that the cartographer of the maps knew the earth is round, so that the eastern ends and western ends of the map should be connected. Excerpts from Tai Peng Wang's research paper.
To read Dr. Gunnar Thompson's summary of why the Chinese knew that the earth was round in 1421, please click
here
SUMMARY
Author submits that China knew of the whole world by 1421.
Comment:
If you have comments or suggestions on this article please click here
Chapter 1 - An adventure on Crete
»
Comments are closed.",Gavin Menzies,1160
