﻿page_number,folder_name,url,title,content,author,word_count
3,15_Chapter003_Note_From_Reader_Concerning_Native_Ameri_003_c1a7,https://www.gavinmenzies.net/Evidence/3-note-from-reader-concerning-native-americans/,3 Note from reader concerning Native Americans - Gavin MenziesGavin Menzies,"3 Note from reader concerning Native Americans
View:
Complete 1421 listings
Posted on
August 16, 2011
Note from reader concerning Native Americans
Note Received 1.26.5
claregem@hotmail.com
Hi
I read Mr Menzies book it was very interesting. What i liked most is the Asian link to North America.We know that Asians are the first Americans and settled all of the New World. The Chinese came to North America long after the Mongolian, if we look at Native American culture it is that of Siberia, Mongolia and Tuva. The North Asian are the first nation and shaman from that region are in America. Even Zheng He was a Mongol not Chinese, Chinese are not nomads although nomads live in China but they are Mongolians. Native Americans have a nomadic culture, and live very much like those back in Asia the roots of their culture and traditions is Eurasia.
Han Chinese came to the Americas after the Mongols and other Siberian tribes. Some Navajo have told me stories of their people coming from the East. All good things come from the East for them, and the blue wolf red deer story is just like the Mongol story. Navajo's (Dine ) say they are Mongolians in America, the Hogan is the Mongolia ger, the teepee is a Mongolian home. Evidence of Mongolian settlements nine thousand years ago all over Canada and the US is the real history of North America.
Comment:
If you have comments or suggestions on this article please click here
Chapter 1 - An adventure on Crete
»
Comments are closed.",Gavin Menzies,260
