﻿page_number,folder_name,url,title,content,author,word_count
42,13_Chapter042_Katiki_Beach_Image_Gallery_042_0666,https://www.gavinmenzies.net/Evidence/42-katiki-beach-image-gallery/,42 Katiki Beach image gallery - Gavin MenziesGavin Menzies,"42 Katiki Beach image gallery
View:
Complete 1421 listings
Posted on
August 16, 2011
Katiki Beach image gallery
Kaitiki Beach, Shag Point End (South of Moeraki), South Island, New Zealand 75d, 48'E, 45d, 27′, 35S
Round balls c 0.5 diam. Further North on Kaitiki Beach. Land information sheet reference to Volcanic Balls
Kaitiki Beach, South Island, New Zealand
(170d, 48′, 33E, 45d, 27′, 22S)
The outlines of 2 100m x 50m wrecked junks have been located in the southern corner of this beach.
Comment:
If you have comments or suggestions on this article please click here
Chapter 1 - An adventure on Crete
»
Comments are closed.",Gavin Menzies,107
