﻿page_number,folder_name,url,title,content,author,word_count
9,12_Chapter009_Dr_Gunnar_Thompson_Www_Marcopolovoyages__009_91b0,https://www.gavinmenzies.net/Evidence/9-dr-gunnar-thompson-www-marcopolovoyages-com/,9 Dr. Gunnar Thompson - www.marcopoloinseattle.com - Gavin MenziesGavin Menzies,"9 Dr. Gunnar Thompson - www.marcopoloinseattle.com
View:
Complete 1421 listings
Posted on
August 16, 2011
Dr. Gunnar Thompson - www.marcopoloinseattle.com
To read more about the research of Dr. Gunnar Thompson, an expert on pre-Columbian New World voyages, please visit his website
www.marcopoloinseattle.com
The website contains information on Gunnar's research into Zheng He and Marco Polo, as well as the presentations given at the Library of Congress' International Zheng He Symposium in May 2005, by members of the '1421 team.'
Comment:
If you have comments or suggestions on this article please click here
Chapter 1 - An adventure on Crete
»
Comments are closed.",Gavin Menzies,103
