﻿page_number,folder_name,url,title,content,author,word_count
2,15_Chapter002_My_Questions_For_Alaskans_002_1f1f,https://www.gavinmenzies.net/Evidence/2-my-questions-for-alaskans/,2 My questions for Alaskans - Gavin MenziesGavin Menzies,"2 My questions for Alaskans
View:
Complete 1421 listings
Posted on
August 16, 2011
My questions for Alaskans
Here are some questions I have been introduced to lately relating to Alaska and possibily related to the travels of the Chinese. If you have any information or family traditions or stories, send them to me. Let's see what we know collectively. Please note, none have been verified, they are only questions at this point. What we want to do is to verify them as true or not true. Let me know either way so we can post the results on the site. If you like, your name will NOT be used. It's your choice. • Alligator carving from old site on St. Lawrence island - seen it? or other non-Alaskan things carved and recovered from old village sites? • The """"blue dot"""" birthmark - a Chinese genetic marker - have one? • Buttons - came to S.E. Alaska in the mid 1700's??? • What else? Any Chinese artifacts? Maori? Joseph Davis - Coordinator for Alaska and the Bering Straits
Comment:
If you have comments or suggestions on this article please click here
Chapter 1 - An adventure on Crete
»
Comments are closed.",Gavin Menzies,202
