﻿page_number,folder_name,url,title,content,author,word_count
24,13_Chapter024_The_Catlins_Surat_Bay_Image_Gallery_024_cf72,https://www.gavinmenzies.net/Evidence/24-the-catlins-surat-bay-image-gallery/,24 THE CATLINS: Surat Bay Image Gallery - Gavin MenziesGavin Menzies,"24 THE CATLINS: Surat Bay Image Gallery
View:
Complete 1421 listings
Posted on
August 16, 2011
THE CATLINS: Surat Bay Image Gallery
CANNIBAL AND SURAT BAYS. CATLINS, SE OF SOUTH ISLAND, NEW ZEALAND
DETAIL OF WRECKED JUNKS AND REMAINS OF JUNKS IN STONE WALLED HARBOURS & STONE WALLED BARRACK BLOCK AT CANNIBAL BAY.
2/2003
Comment:
If you have comments or suggestions on this article please click here
Chapter 1 - An adventure on Crete
»
Comments are closed.",Gavin Menzies,78
