﻿page_number,folder_name,url,title,content,author,word_count
1,02_Chapter001_Evidence_Provided_At_The_Royal_Geographi_001_2fac,https://www.gavinmenzies.net/Evidence/1-evidence-provided-at-the-royal-geographical-society-on-march-15th-2002-2/,"1 Evidence provided at the Royal Geographical Society on March 15th, 2002 - Gavin MenziesGavin Menzies","1 Evidence provided at the Royal Geographical Society on March 15th, 2002
View:
Complete 1421 listings
Posted on
August 18, 2011
Evidence provided at the Royal Geographical Society on March 15th, 2002
This evidence, circulated separately, included charts, mediaeval documents and the evidence of Dr. Eusebio Dizon.
Comment:
If you have comments or suggestions on this article please click here
Chapter 1 - An adventure on Crete
»
Comments are closed.",Gavin Menzies,71
