﻿page_number,folder_name,url,title,content,author,word_count
1,01_Prologue   Life At Sea_01_d811,https://www.gavinmenzies.net/Evidence/prologue-%e2%80%93-life-at-sea/,Prologue - Life at Sea - Gavin MenziesGavin Menzies,"Prologue - Life at Sea
View:
Complete 1434 listings
Posted on
October 2, 2013
The scene is set in HMS Narwhal, cruising at 300 feet under a 12 foot thick Arctic ice cap. Gavin and his crew have been on patrol for a month, tracking Russian nuclear submarines and reporting on the feasibility of patrolling under the ice for nuclear submarines. First-hand experience of an emergency on the ice above reveals how the Arctic is a bleak, awesomely beautiful but unforgiving place.
Further reading:
Land Bridge Theory:
http://ows.edb.utexas.edu/site/hight-kreitman/land-bridge-theory
Comment:
If you have comments or suggestions on this article please click here
Chapter 1 - A land bridge too far
»
Comments are closed.",Gavin Menzies,113
