﻿page_number,folder_name,url,title,content,author,word_count
15,13_Chapter015_Banks_Peninsula_Otanerito_Bay_Image_Gall_015_1f28,https://www.gavinmenzies.net/Evidence/15-banks-peninsula-otanerito-bay-image-gallery/,15 BANKS PENINSULA: Otanerito Bay Image Gallery - Gavin MenziesGavin Menzies,"15 BANKS PENINSULA: Otanerito Bay Image Gallery
View:
Complete 1421 listings
Posted on
August 16, 2011
BANKS PENINSULA: Otanerito Bay Image Gallery
OTANERITO BAY, AKAROA, BANKS PENINSULA, (43d, 50′, 30S, 173d, 03′, 30F)
DETAIL OF CHINESE BARRACKS, HARBOURS, REMAINS OF 28m X 11m JUNK, CANALS & SMELTERS
3/2003
OTANERITO BAY, BANKS PENINSULA, SOUTH ISLAND, NEW ZEALAND
LEFT RAMPARTS TO WALLED BARRACKS. FOREGROUND DEPRESSION CONTAINING STONE WALLED HARBOUR &REMAINS OF 28m x 11m CHINESE JUNK.
HARBOUR CONNECTED TO BAY BY 11.5m CANAL. NOTE DEPRESSION OF REEDED INLAND CANAL SYSTEM, (RIGHT OF WOODEN SHED)
2/2003
OTANERITO BAY, BANKS PENINSULA, SOUTH ISLAND, NEW ZEALAND
PARALLEL TIMBERS OUTLINE SITE OF STONE WALLS OF LAUNCHING CANAL FOR JUNK.
2/2003
Comment:
If you have comments or suggestions on this article please click here
Chapter 1 - An adventure on Crete
»
Comments are closed.",Gavin Menzies,138
