﻿page_number,folder_name,url,title,content,author,word_count
15,15_Chapter 14 The Eastern Seaboard_01_3001,https://www.gavinmenzies.net/Evidence/chapter-14-the-eastern-seaboard/,Chapter 14 - The Eastern Seaboard - Gavin MenziesGavin Menzies,"Chapter 14 - The Eastern Seaboard
View:
Complete 1434 listings
Posted on
October 3, 2013
We follow the authors on a trip to the Outer Banks - """"the graveyard of the Atlantic"""" - to follow up new local evidence.
We also explore the research of Dr. S.L. Lee of Columbus, Ohio who, although primarily sceptical of the 1421 hypothesis, was quick to let us know of his new find - a 7 c.m. diameter plain brass medal with the inscription """"Authorized and awarded by Xuan De of Great Ming"""" ... In 1430, the Ming Emperor Xuan Zong commissioned Zheng He to deliver a message to foreign nations that he had been enthroned with a new era named Xuan De. This was the whole purpose of the 7th and the last expedition for Zheng He. After finding this beautiful brass medallion in North Carolina, Dr Lee's further investigation leads him to believe that he has found """"definitive proof"""" that Zheng He's fleets sailed to the USA.
Further reading:
Dr. SL Lee -
http://www.asiawind.com/zhenghe/
Comment:
If you have comments or suggestions on this article please click here
«
Chapter 13 - North Carolina and the Virginias
Chapter 15 - Nova Cataia: The Island of Seven Cities
»
Comments are closed.",Gavin Menzies,208
