﻿page_number,folder_name,url,title,content,author,word_count
4,18_Chapter004_Planta_Que_Se_Encuentra_En_Nueva_Zelanda_004_2de4,https://www.gavinmenzies.net/Evidence/4-planta-que-se-encuentra-en-nueva-zelanda-y-colombia/,4 Planta que se encuentra en Nueva Zelanda y Colombia - Gavin MenziesGavin Menzies,"4 Planta que se encuentra en Nueva Zelanda y Colombia
View:
Complete 1421 listings
Posted on
August 16, 2011
Planta que se encuentra en Nueva Zelanda y Colombia
Comment:
If you have comments or suggestions on this article please click here
Chapter 1 - An adventure on Crete
»
Comments are closed.",Gavin Menzies,52
