﻿page_number,folder_name,url,title,content,author,word_count
13,13_Chapter013_Banks_Peninsula_Stony_Bay_Image_Gallery_013_55f3,https://www.gavinmenzies.net/Evidence/13-banks-peninsula-stony-bay-image-gallery/,13 BANKS PENINSULA: Stony Bay Image Gallery - Gavin MenziesGavin Menzies,"13 BANKS PENINSULA: Stony Bay Image Gallery
View:
Complete 1421 listings
Posted on
August 16, 2011
BANKS PENINSULA: Stony Bay Image Gallery
STONY BAY, BANKS PENINSULA, SOUTH ISLAND, NEW ZEALAND.
VIEW OF 3m high MAN MADE PLATFORM. SITE OF CHINESE WALLED BARRACK BLOCK. FLAT AREA BELOW PLATFORM IS SITE OF HARBOUR CONNECTED TO BAY by a 11.5m WIDE CANAL. HARBOUR CONTAINS THE REMAINS OF A 47m x 11m JUNK.
STONY BAY, OKAROA, BANKS PENINSULA. (43d, 51′, 20S, - 173d, 02′, 30E)
LOCATIONS OF CHINESE BARRACK BLOCK & HARBOUR HOLDING REMAINS OF A 47m x 11m JUNK.
3/2003
STONY BAY, BANKS PENINSULA, SOUTH ISLAND, NEW ZEALAND.
VIEW ALONG MAN MADE PLATFORM OF CHINESE BARRACK BLOCK. HARBOUR & CREEK TO RIGHT.
Lower photo: CREEK WAS NAVIGATED INLAND, STONEWORK REMAINS OF ONE OF THE NAVIGATION DAMS.
2/2003
Comment:
If you have comments or suggestions on this article please click here
Chapter 1 - An adventure on Crete
»
Comments are closed.",Gavin Menzies,158
