﻿page_number,folder_name,url,title,content,author,word_count
40,13_Chapter040_Shag_Point_Image_Gallery_040_8d5e,https://www.gavinmenzies.net/Evidence/40-shag-point-image-gallery/,40 Shag Point image gallery - Gavin MenziesGavin Menzies,"40 Shag Point image gallery
View:
Complete 1421 listings
Posted on
August 16, 2011
Shag Point image gallery
Shag Point, South of Moeraki, South Island, New Zealand.
(170d, 49′, 48E. 45d, 28′, 20S)
This canal 200m long x 10m wide and 2m deep was designed to handle 10m x 4m sampans loaded with coal from the adjacent mine. A set of ladder locks connected it to a small harbour also constructed by the Chinese. A magnetic anomaly survey along the inland bank of the canal indicated aqueducts at regular intervals, these carried make up water from the hillside. The outline of one sampan was also located at the listed longitude/latitude coordinates in the canal.
Shag Point, South of Moeraki, South Island, New Zealand.
(170d, 49′, 48E. 45d, 28′, 20S)
This harbour was constructed by the Chinese to exploit the local coal reserves. The ladder locks connecting it to the canal have been backfilled by later mining spoil. The harbour is slightly North of the modern harbour whose stone cut quay can still be seen. The modern harbour was accessed by road and railway.
Shag Point, South of Moeraki, South Island, New Zealand.
(170d, 49′, 48E. 45d, 28′, 20S)
THE CHINESE ALSO MINED COAL HERE.
Shag Point, South of Moeraki, South Island, New Zealand.
(170d, 49′, 48E. 45d, 28′, 20S)
This canal 200m long x 10m wide and 2m deep was designed to handle 10m x 4m sampans loaded with coal from the adjacent mine. A set of ladder locks connected it to a small harbour also constructed by the Chinese. A magnetic anomaly survey along the inland bank of the canal indicated aqueducts at regular intervals, these carried make up water from the hillside. The outline of one sampan was also located at the listed longitude/latitude coordinates in the canal.
Shag Point, South of Moeraki, South Island, New Zealand.
(170d, 49′, 48E. 45d, 28′, 20S)
This harbour was constructed by the Chinese to exploit the local coal reserves. The ladder locks connecting it to the canal have been backfilled by later mining spoil. The harbour is slightly North of the modern harbour whose stone cut quay can still be seen. The modern harbour was accessed by road and railway.
Comment:
If you have comments or suggestions on this article please click here
Chapter 1 - An adventure on Crete
»
Comments are closed.",Gavin Menzies,393
