﻿page_number,folder_name,url,title,content,author,word_count
2,13_Chapter002_Map_Geographical_Representation_Of_Evide_002_ff9d,https://www.gavinmenzies.net/Evidence/2-map-geographical-representation-of-evidence/,2 Map - Geographical representation of evidence - Gavin MenziesGavin Menzies,"2 Map - Geographical representation of evidence
View:
Complete 1421 listings
Posted on
August 16, 2011
Comment:
If you have comments or suggestions on this article please click here
Chapter 1 - An adventure on Crete
»
Comments are closed.",Gavin Menzies,40
