﻿page_number,folder_name,url,title,content,author,word_count
27,13_Chapter027_The_Catlins_Tahakopa_Image_Gallery_027_0b76,https://www.gavinmenzies.net/Evidence/27-the-catlins-tahakopa-image-gallery/,27 THE CATLINS: Tahakopa Image Gallery - Gavin MenziesGavin Menzies,"27 THE CATLINS: Tahakopa Image Gallery
View:
Complete 1421 listings
Posted on
August 16, 2011
THE CATLINS: Tahakopa Image Gallery
TAHAKOPA BAY, PAPATOWAI, THE CATLINS, SOUTH ISLAND, NEW ZEALAND.
MIRREN STREET, MARKINGS INDICATE POSITION OF 11m x 8m JUNK (Second Junk alongside) WITHIN STONE HARBOURS. OVERLOOKED BY MIRREN STREET PROPERTIES
TAHAKOPA BAY, SCENIC RESERVE, THE CATLINS.
Upper photo: STANDING IN STONE WALLED CANAL LOOKING SW ONTO FACE OF RAMPARTS (ORIGINALLY STONE TOPPED) OF CHINESE FORTIFIED BARRACKS.
Lower photo: STONE SIDED CANAL SUPPLIED FROM THE TAHAKOPA RIVER. ORIGINALLY DISCHARGED TO STONE HARBOUR (NOW COVERED WITH SAND) AT END OF HEADLAND, THE HARBOUR CONTAINS THE REMAINS OF A 47m x 11m JUNK.
2/2003
Comment:
If you have comments or suggestions on this article please click here
Chapter 1 - An adventure on Crete
»
Comments are closed.",Gavin Menzies,135
