﻿page_number,folder_name,url,title,content,author,word_count
22,14_Chapter022_New_Zealand_Update_Summary_022_9db5,https://www.gavinmenzies.net/Evidence/22-new-zealand-update-summary/,22 New Zealand Update Summary - Gavin MenziesGavin Menzies,"22 New Zealand Update Summary
View:
Complete 1421 listings
Posted on
August 16, 2011
New Zealand Update Summary
This collection of evidence, from kumera sweet potatoes to canals, from art-work to human bones, shows the wealth and variety of information found that positively corroborates the evidence presented in
1421 - The Year China Discovered The World
, and the surveys carried out by T.C. Bell in 2003.
The evidence of Dr Ted Bryant of Wollongong University corresponds with the Waitaha's tale of how 'a great celestial body in the form of an asteroid or meteror plunged into the ocean nearby'.
Dating of burnt grass given in Bryant's book """"Tsunami - An Underrated Hazard"""", Chapter 5, dated to 1410 +/- 60 years and another dating of 1480 corroborates this. Professor Bryant himself asserts that 'it could just as easily have been 1422'.
The Waitaha People of New Zealand, as Maori legend tells us, are descendants of the Chinese.
The human bones of South Island await DNA testing.
It is therefore our belief that the Chinese occupied New Zealand, South Island, from the Han Dynasty. Evidence supporting this includes the arrival of the Asian Pacific Rat nearly 2,000 years ago, as well as the ancient stonework of the Waitaha people, and carbon dating results carried out in recent months.
Zhou Man's Fleet was returning to a long established Chinese colony in order to mine her rich earth.
Comment:
If you have comments or suggestions on this article please click here
Chapter 1 - An adventure on Crete
»
Comments are closed.",Gavin Menzies,259
