﻿page_number,folder_name,url,title,content,author,word_count
2,02_Chapter002_The_Whole_World_Was_Charted_By_1423_E2_8_002_c3c6,https://www.gavinmenzies.net/Evidence/2-the-whole-world-was-charted-by-1423-%e2%80%93-before-the-european-voyages-of-discovery-started-2/,2 The whole world was charted by 1423 - before the European voyages of discovery started - Gavin MenziesGavin Menzies,"2 The whole world was charted by 1423 - before the European voyages of discovery started
View:
Complete 1421 listings
Posted on
August 18, 2011
The whole world was charted by 1423 - before the European voyages of discovery started
Theory
Four huge Chinese fleets circumnavigated the world between March 1421 and October 1423. The fleets comprised more than 800 vessels. These fleets charted the world.
Sailors and concubines from those great fleets settled in Malaysia, India, Africa, N. and S. America, Australia, New Zealand and on islands across the Pacific
The first European explorers all had maps showing where they were going before they set sail. They met Chinese settlers when they arrived in the New World.
China, not Europe thus discovered and settled the New World. European 'discoveries' relied on China leading the way.
(i) The whole world was charted by 1428 - by whom?
Portuguese claim they had a chart of the whole world by then. They do not claim to have created that chart.
The Pizzigano, Fra Mauro, Piri Reis, Cantino, Caverio, Waldseemueller and Jean Rotz charts show whole world charted before Europeans set sail.
European explorers referred to earlier maps made before they set sail - contemporary accounts of Columbus, Diaz, Cabral, da Gama, and Magellan's voyages are the evidence.
(ii) Continents shown on maps before European explorers set sail for that particular region:
(a) North America - shown on Waldseemueller, Cantino and Caverio charts
(b) Caribbean - on Pizzigano, Cantino, Caverio and Waldseemueller
(c) South America - on Piri Reis, Cantino and Waldseemueller
(d) Africa, India and East - Cantino (1502) and Jean Rotz (1542), Fra Mauro (1459) and Waldseemueller (1507) Kangnido (1402)
(e) Antarctica - Piri Reis (1513), Francesco Roselli (1508) and Diego Hominem
(f) Arctic and Siberia - Waldseemueller (1507)
(g) Australia - Jean Rotz, Desliens, Vallard, Desceliers, Ricci
(h) China and Far East - Jean Rotz
(i) Canada (Vancouver and Queen Charlotte Islands) - Zatta
(j) Straits of Magellan - Waldseemueller (Small Globes) c. 1507 and Piri Reis (1513)
(k) South Africa - Fra Mauro (1459) and Kangnido (1402-1470) and Da Ming Yi Tu (1389)
(iii) Islands shown on maps before Europeans got there:
(a) Maldives, Chagos, Diego Garcia, St Paul, Amsterdam, on Cantino (1502)
(b) Kerguelen on Wu Pei Chih (c. 1422).
Longitude of East Africa precisely correct on Cantino before Europeans could measure Longitude (
see 4 below)
(iv) The great rivers of the world were shown on the key charts long before Europeans set sail - Europeans therefore did not chart the rivers
(a)
The Martellus Maps (1489)
- (Gallez, P. and Davis, H.)
South America - Colombia - Magdalena
Venezuela - Orinoco (Meta)
Amazon
Brazil - São Francisco
Paraguay - Paraguay and Paraná
Argentina - Colorado, Negro and Chubut (Patagonia).
(b)
Cantino (1502)
South America - Colombia - Magdalena
Venezuela - Apure, Orinoco (Cavra)
(c)
Waldseemueller (1507)
Siberia - Ob, Yenisei, Kotuy, Olenek, Lena, Yana, Indigirka and Kolyma
N. America - Mississippi, Brazos, Alabama, Roanoke, Delaware, Hudson.
(d)
Toscanelli (1474)
Australia - Murray, Darling, Cooper, Diamantina, Flinders.
(v) Straits of Magellan/Patagonia
'Dragon's tail' (1428 chart) and its giants described on anon. (Durand (1440) and Walsperger (1448 Maps), and shown on Waldseemueller Globe
(vi) Correlations between charts of the world before Europeans set sail and the 1428 Master Chart of the World
(a) The Waldseemueller (1507), Cantino (1502) and Caverio (1505) These three draw the Great Bahamas Bank identically and as it would have appeared in 1421 with water levels one fathom lower than today. However, the earlier charts have features which do not appear on later ones, viz. the (earlier) Cantino shows Florida, which the later Caverio does not. The three charts must therefore be based on an earlier original.
(b) Anon (Durand) (1440) and Walsperger (1448)
Both refer to Tierra del Fuego as the 'Dragon's Tail', the name given by the 1428 Master Chart. Both refer in identical terms to the Giants of Patagonia, hence must have a common source.
(c) The Desliens, Desceliers, Vallard and Jean Rotz all show Australia with great similarity - but each with original features, i.e. Vallard with horses. All must have been based on an earlier original (which has subsequently been lost).
(d) The Waldseemueller and Martellus (1489)
These both show the Cape of Good Hope at 45 degrees S and the same 'dogleg', """"India Meridionales"""" in the east. The Waldseemueller shows S. America, which the Martellus does not - both must have been based on an earlier original.
(e) The Piri Reis and Pizzigano
They are linked by Columbus's description (note on Piri Reis) of Antilia (on Pizzigano).
(f) Anon (Durand) (1440), Walsperger (1448) and Piri Reis 1513 (1501)
All are linked by descriptions of the giants of Tierra del Fuego and of Columbus's description of two hours' daylight (Piri Reis).
(g) The Waldseemueller (1507), Cantino (1502) and Piri Reis 1513 (1501)
They are linked by their drawings of Arecibo (Venezuela).
These maps between them chart the entire world. They must, because of the links, have been based on an earlier original which must have been made before 1507 (Waldseemueller), and after 1423 (Pizzigano).
(vii) Links connecting the charts with the Chinese.
(The charts described below were published before Europeans reached that particular part of the world. Viz:)
(a) Jean Rotz (1542)
Depiction of China, Australia and Hong Kong -
Link
: Kangaroos in Chinese Emperor's zoo, and Chinese charts showing Australia before 1542.
(b) The Martellus (1489)
The Orinoco and Amazon rivers -
Link
: Chinese DNA is found among American Indian peoples there - pre-Columbus (Arends and Gallengo).
The Illustrated Record of Strange Countries
(published 1430) shows Chinese animals unique to S. America
(c) The Piri Reis (1501 - 1513)
Link
: Animals unique to Patagonia shown on Piri Reis which are also to be seen in
The Illustrated Record of Strange Countries
(1430). Description of the mylodon in Chinese records. 'Chinese' DNA in Mato Grosso people.
(d) The Anon (Durand) (1440), Walsperger (1448) and 1428 chart
Link
: Description of the giants found in Patagonia with the descriptions in
The Illustrated Record of Strange Countries
(1430). The name """"the dragon's tail"""" is found in the three charts denoting Tierra del Fuego. 'Chinese' DNA in people of Mato Grosso
(e) The Cantino
Link
: Longitude of E. Africa almost perfect (± 30 miles). The Chinese alone could determine longitude at that time.
(f) The Cantino, Waldseemueller and Caverio show Arecibo.
Link
: Venezuelan tribes have Chinese DNA (Arends and Gallengo)
(viii) Chinese cartography and transmission of maps to the West
(a) The author contends Europeans could 'translate' Chinese maps into ones understandable to Europeans - witness Father Ricci's map of Australia drawn 1589 - before Europeans reached Australia. His chart used earlier Chinese ones.
(b) Author contends Chinese had best cartographers in the world prior to the Renaissance - witness:
(i) Chang Heng (78-139 AD) Flat surface grid system (Bob Butcher's Evidence)
(ii) Phei Hsiu (224-271) grid system
(iii) Phei Chu (605 AD) classic grid map
(iv) Chia Tan (730-805) map of Empire
(v)
Cartographer unknown
(940 AD) cylindrical projection (precursor of Mercator)
(vi) """" """" """" (1137) Yu Chi Thu stone map
(vii) """" """" """" (1155) First Chinese printed map (predates European by two centuries)
(viii) Chu Ssu Pen (1273-1337) map of China, Asia, Africa and Europe - Africa has triangular shape
(ix) Li Tse-Min and Ching-Chun (1328-1392) expand on Chu Ssu Pen.
(c) Star charts - Wu Pei Chih and Rosa Mui and Paul Dong's work (Jupiter's moons c. 200 BC).
(d) Longitude: Chinese map of all China dated 1137 carved in stone - longitude correct (
History of Topographical Maps,
P D A Harvey - Brien Liebst.)
(viii) China sends her maps to the West
The author contends it was Chinese policy to send her maps to the West - for otherwise how could tribute countries reach China to pay tribute?
Evidence:
(i) Brazilian delegation setting sail for China in 1501/02 with map showing route (Professor Bi Quanzhong, evidence to Kunming Conference 10 December 2002).
(ii) Chinese Emperor's order to send maps to West which resulted in Liu Daxia destroying all available records of Zheng He's voyage. (Professor Bi Quanzhong - Evidence 10)
(ix) Nicolo da Conti as the intermediary between the Chinese and Europeans
The author relies upon the evidence given in his book and that recently found in the Fujian Palace (Admiral Zheng Ming's evidence to Kunming Conference, 10 December 2002). In the Fujian Palace (discovered when extending Fujian International airport runway) are statues of Zheng He and his Admirals. Standing next to Zheng He and closer to him than his Admirals is a European mediaeval merchant - as evidenced by his clothes and hat. The merchant carries documents/maps. The most likely explanation is that this statue is of Nicolo da Conti who describes his passage from Calicut to China via Australia and who was in Calicut when Chinese fleet arrived in 1421. His statue resembles drawing in Illustrated Record of Strange Countries (1430)
(x) The Portuguese Claim
Antonio Galvão's description of the world map which the Portuguese Dauphin Dom Pedro took back with him from Venice
in 1428
: """"Dom Peter, the King of Portugal's eldest sonne, was a great traveller . . . came home by Italie, taking Rome and Venice
in his way from where he brought a map of the world which had all the parts of the world and earth described. The Strait of Magellan was called in it 'the dragon's taile': the Cape of Bona Sperancia, the forefront of Afrike and so forth
...""""
Antonio Galvão again
: """"It was told me by Francis de Sousa Tavares that in the year 1528 Don Fernando the King's eldest son showed him a map found in the study of the Alcobaza that had been made 120 years before which map set forth all the navigation of the East Indies, with the Cape of Bon Sperancia as our later maps have described it; whereby it appeareth that in ancient times that was as much or more discovered than there is now.""""
So who drew the 1428 chart? It is the author's claim that Dom Pedro debriefed Nicolo da Conti in Florence in 1424. Nicolo had sailed with the Chinese fleet from India to Australia and China (
Travels of Nicolo da Conti
).
Comment:
If you have comments or suggestions on this article please click here
Chapter 1 - An adventure on Crete
»
Comments are closed.",Gavin Menzies,1749
