﻿page_number,folder_name,url,title,content,author,word_count
29,04_Chapter030_Extracts_From_Early_Chinese_Records_Conc_029_783b,https://www.gavinmenzies.net/Evidence/30-extracts-from-early-chinese-records-concerning-the-deveolpment-and-use-of-the-magnetic-compass/,30 Extracts from early Chinese records concerning the deveolpment and use of the magnetic compass - Gavin MenziesGavin Menzies,"30 Extracts from early Chinese records concerning the deveolpment and use of the magnetic compass
View:
Complete 1421 listings
Posted on
August 18, 2011
To read Desmond Branigan's paper on the Chinese development and use of the magnetic compass please click here.
Comment:
If you have comments or suggestions on this article please click here
Chapter 1 - An adventure on Crete
»
Comments are closed.",Gavin Menzies,66
