﻿page_number,folder_name,url,title,content,author,word_count
12,12_Chapter013_Prof_Han_Zheng_Hua_Nanhai_A_Chinese_Terr_012_36a4,https://www.gavinmenzies.net/Evidence/13-prof-han-zheng-hua-nanhai-a-chinese-territory-boundary-as-surveyed-by-the-%e2%80%9cfour-seas-sunshadow/,"13 Prof. Han Zheng Hua - Nanhai, a Chinese territory boundary as surveyed by the """"Four Seas Sunshadow - Gavin MenziesGavin Menzies","13 Prof. Han Zheng Hua - Nanhai, a Chinese territory boundary as surveyed by the """"Four Seas Sunshadow
View:
Complete 1421 listings
Posted on
August 16, 2011
Prof. Han Zheng Hua - Nanhai, a Chinese territory boundary as surveyed by the """"Four Seas Sunshadow
To view Prof. Han Zheng Hua's paper on """"Nanhai"""", translated by Bobsin Wang, please click
here
Comment:
If you have comments or suggestions on this article please click here
Chapter 1 - An adventure on Crete
»
Comments are closed.",Gavin Menzies,84
