﻿page_number,folder_name,url,title,content,author,word_count
44,13_Chapter044_Rakaia_Huts_Image_Gallery_044_732e,https://www.gavinmenzies.net/Evidence/44-rakaia-huts-image-gallery/,44 Rakaia Huts Image Gallery - Gavin MenziesGavin Menzies,"44 Rakaia Huts Image Gallery
View:
Complete 1421 listings
Posted on
August 16, 2011
Rakaia Huts Image Gallery
RAKAIA HUTS, CHINESE FORTS. SOUTH ISLAND, NEW ZEALAND.
THIS FORT CONTROLLED RAKAIA RIVER, with access to the SOUTHERN ALPS, the adjacent harbour & a 12m wide CANAL TO LAKES ELLESMERE & FORSYTH.
The fort covered c. 3.5ha & was provided with an internal canal.
(172D, 12′, 34E. 43D, 53′, 14S)
6/2003
RAKAIA HUTS, SOUTH ISLAND, NEW ZEALAND, SOUTH OF LAKE ELLESMERE.
THE BURNT GRASS OUTLINES the NORTH GATEWAY TO THE CHINESE FORT.
RAKAIA HUTS, SOUTH ISLAND, NEW ZEALAND, SOUTH OF LAKE ELLESMERE.
(172D, 14′, 32E. 43D, 53′, 11S)
VIEW ALONG EASTERN RAMPARTS OF CHINESE FORT. Note RAMPED GATEWAY IN CENTRE OF RAMPART.
RAKAIA HUTS, SOUTH ISLAND, NEW ZEALAND, SOUTH OF LAKE ELLESMERE.
(172D, 12′, 24E. 43D, 53′, 14S)
Upper photo: VIEW ACROSS FORT TO SOUTHERN PACIFIC.
Lower photo: SITE OF INTERNAL SUPPLY CANAL ADJACENT TO NORTHERN RAMPARTS OF FORT.
RAKAIA HUTS, SOUTH ISLAND, NEW ZEALAND, SOUTH OF LAKE ELLESMERE.
(172D, 14′, 20E. 43D, 53′, 17S)
RAKAIA LAGOON, HOME FOR BLACK SWANS, ACCESS TO SOUTH PACIFIC THROUGH GRAVEL BAR & EAST via the RAKAIA RIVER to the MINERALS OF THE SOUTHERN ALPS.
RAKAIA HUTS, SOUTH ISLAND, NEW ZEALAND.
REMAINS of 12m wide CANAL LINKING RAKAIA LAGOON WITH LAKE ELLESMERE & LAKE FORSYTH (BANKS PENINSULA)
RAKAIA HUTS, SOUTH ISLAND, NEW ZEALAND.
Upper photo: SITE OF ENTRANCE TO CANAL TO LAKES ELLESMERE & FORSYTH & MAIN HARBOUR. (172D, 14′, 22E. 43D, 53′, 11S)
Lower photo: VIEW WEST ALONG CAMP SITE FENCE AND LINE OF CHINESE FORT WALL TO CAR PARK AND BOAT RAMP.
RAKAIA HUTS, SOUTH ISLAND, NEW ZEALAND.
NOTICE READS, DANGEROUS BANK SUBSIDENCE. APPROACH AT YOUR OWN RISK, SELWYN COUNCIL. THE SUBSIDENCE IS CAUSED BY THE SETTLEMENT OF THE CHINESE AQUEDUCTS UNDER THE TRACK. THESE FED MAKE UP WATER TO THE RAKAIA TO ELLESMERE LAKE CANAL
Lower photo: LEFT
Comment:
If you have comments or suggestions on this article please click here
Chapter 1 - An adventure on Crete
»
Comments are closed.",Gavin Menzies,339
