﻿page_number,folder_name,url,title,content,author,word_count
9,03_Chapter009_Importance_Of_The_Waldseemueller_Map_009_7bf7,https://www.gavinmenzies.net/Evidence/9-importance-of-the-waldseemueller-map/,9 Importance of the Waldseemueller Map - Gavin MenziesGavin Menzies,"9 Importance of the Waldseemueller Map
View:
Complete 1421 listings
Posted on
August 18, 2011
Importance of the Waldseemueller Map
This is the first accurate map of North and South America - accurate because it is the first European map to show latitudes and longitudes. Using these one can position the Americas relative to Africa and establish their land mass and shape. Despite these remarkable advances, the map, has two serious defects. The projection is bizarre - in the shape of a heart. This means that it is very difficult for the viewer to understand. Secondly the Eastern part of the map from South Africa to China has been 'lifted' from Martellus 1489 and as a result contains the forgeries encompassed in the Martellus chart. In short the Eastern point of the map is useless whilst the Americas is of huge importance and can be seen to be so - once latitude and longitude are perfected in a form we understand, in particular on a globe.
Comment:
If you have comments or suggestions on this article please click here
Chapter 1 - An adventure on Crete
»
Comments are closed.",Gavin Menzies,190
