﻿page_number,folder_name,url,title,content,author,word_count
6,13_Chapter006_Banks_Peninsula_Introduction_006_9763,https://www.gavinmenzies.net/Evidence/6-banks-peninsula-introduction/,6 BANKS PENINSULA: Introduction - Gavin MenziesGavin Menzies,"6 BANKS PENINSULA: Introduction
View:
Complete 1421 listings
Posted on
August 16, 2011
BANKS PENINSULA: Introduction
Map ref N36 & N37, Land information 50,000 series.
It was with considerable interest that we drove onto Banks Peninsula, named after Sir Joseph Banks, who accompanied Captain Cook on his first voyage. My mother's maiden name was Dorothy Banks, and family tradition has it that Joseph Banks and his wife Dorothy were our ancestors. My grandfather and each of the eldest being called Joseph. As Sir Joseph Banks' biographies make only mention of one child born out of wedlock, one wonders, but my mother's likeness was as peas in a pod, and coupled with my grandfather having an original hand-painted book of Sir Joseph Banks's voyage with Cook, I guess we will never know.
Comment:
If you have comments or suggestions on this article please click here
Chapter 1 - An adventure on Crete
»
Comments are closed.",Gavin Menzies,155
