﻿page_number,folder_name,url,title,content,author,word_count
1,07_Chapter001_Papers_Referred_To_In_Genetics_Study_001_9843,https://www.gavinmenzies.net/Evidence/1-papers-referred-to-in-genetics-study/,1 Papers referred to in Genetics study - Gavin MenziesGavin Menzies,"1 Papers referred to in Genetics study
View:
Complete 1421 listings
Posted on
August 18, 2011
Papers referred to in Genetics study
Novick, Gabriel E; Corina C Novick; Juan Yunis; Unis Emilio Demayolo; Pamela Antunel; Scheer W Douglas; Deninger Prescot L; King Mark Stone; York Daniel S; Batzer Mark A; Herrera Rene J: Polymorphic Alu Insertions and the Asian Origin of Native American Populations; Human Biology, Vol 70 No 1, p 23, Copyright 1998 Wayne State University Press, Detroit, Michigan.
Sykes, Bryan, The Seven Daughters of Eve, pp. 101-6 and 282-95. Bantam Press, 2000.
Arnaiz-Villena A, Vargas-Alarón Granados J, et al. HCA Genes in Mexican Mazatecans, the peopling of the Americas, and the uniqueness of Amerindians. Tissue Antigero 2000.
Vilchis F, Zúñiga J, Granados J et al. 'Análisis del polimorfismo V89L de Sa esteroide reductasa z en un groupo éinicamente preservado', Genética y Biomedicina Molecular 200, Resumen Cgyeoz Monterrey, NL (Mexico).
Morael, Virginia, 'Research News: Confusion in Earliest America', Science,
No. 248 (Genetic diversity of American Indians).
Biocca, Ettore, 'Hookworms and the Origin of American Indians, l'Anthropologie 55/5.
Darling, S T 'Hookworms, Ancylostoria and Necator in Pre-Columbian America, Parasitology, 12/3.
Fonseca Olympio da, 'Parasitismo e Migracós da Parasitologia'. Para 0, 'Contribuicoés das origiéns do Hominem Americano' [ para 15 in The Americans re Human Migration]; Estudos de Préhistoria Geval e Brasileira, Sao Paolo, 1970.
Araújo, Adanto José Goncalves de, 'Contribuição ad Estudo' de Helmintos encontrados en Material, Arqueológico do Basil [parasites common to Asia and S. America].
Needham J, 'The mountain of evidence of Pre-Columban Contact with the Americas before Columbus', Science and Civilisation in China, Vol 4, p. 540.
Laming-Emperaire Annette, Le Problème de Origines Américains: théories, hypotheses, documents. Editions de la Maisons des Sciences de l'Homme, Presses Universitaires de Lille, Lille 1980. {Summary of diseases shared between old world and pre-Columbian Indians}.
Nicolle Charles, 'Un argument medical en faveur de l'opinion de Paul Rivet sur l'origine océanienne du certain tribus indiennes du Nouveau Monde'. Journal de la société des américanists de Paris 24. [Typhus of Mexico and Guatemala differs from Eurasian.
Sandison A T, 'Diseases in antiquity: A survey of the diseases, injuries and surgery of early populations', in Parasitic Diseases, C T Thomas, Springhurst, Illinois, 1967.
Soper T, 'The report of a nearly pure Ancylositoma duodenale infestation in native South American Indians and a discussion of ethnological signatures. American Journal of Hygiene, 1927.
Bruce-Chwatt L J 'Paleogenesis and paleo-epidemiology of primate malaria.' Bulletin, World Health Organisation 32: pp 363-387. [Malaria in pre-Columbian America.]
Matthew E Hurles and Colleagues, 'For Polynesia - 'Lack of Native American Chromsome' Am J Hum Genet 72, Mar 23003.
New Zealand Study (Maori DNA) - see 'Stop Press' (Dr Gregory Chambers)
Schurr, T G, Ballinger S W, Gan Y-Y et al, 1990. American Journal of Human Genetics, 46: 613-623.
Comment:
If you have comments or suggestions on this article please click here
Chapter 1 - An adventure on Crete
»
Comments are closed.",Gavin Menzies,490
