﻿page_number,folder_name,url,title,content,author,word_count
11,14_Chapter011_Arrival_Of_Rats_In_New_Zealand_2000Yrs_Bp_011_1661,https://www.gavinmenzies.net/Evidence/11-arrival-of-rats-in-new-zealand-2000yrs-bp/,11 Arrival of Rats in New Zealand 2000yrs BP - Gavin MenziesGavin Menzies,"11 Arrival of Rats in New Zealand 2000yrs BP
View:
Complete 1421 listings
Posted on
August 16, 2011
Arrival of Rats in New Zealand
R.N. Holdaway of Palaecol Research, New Zealand in the Journal Nature, Vol. 384, 21st November 1996, reports of radiocarbon ages of up to about 2,000 years before present, on bone gelatin from Pacific Rats from both mains islands of New Zealand:
""""...This implies an early transient human contact with New Zealand....Humans have transported the Pacific rat throughout the central and South Pacific from its presumed area of origin in Southeast Asia....The data suggest that the Pacific rat was established on both main islands of New Zealand nearly 2,000 years ago. The rat is unlikely to have arrived without human assistance...""""
Dr Rau Kirikiri, a leading Maori academic, said this could lead Maoris to question their own history
The Southeast Asian rat was brought, via human expedition, to New Zealand nearly 2,000 years ago during the Han Dynasty.
Kiore is the Maori name for this Asia/Pacific species of rat (rattus exulans). It is the world's third most widely distributed rat today found throughout the Asia/ Pacific area. The Kiore are poor swimmers reinforcing their introduction to New Zealand via human contact, be it accidental or deliberate.
Comment:
If you have comments or suggestions on this article please click here
Chapter 1 - An adventure on Crete
»
Comments are closed.",Gavin Menzies,233
