﻿section,url,folder_name,error
04_news_section,https://csteng.cc/%e8%88%aa%e6%b5%b7%e5%9c%96gis/,04_%E8%88%Aa%E6%B5%B7%E5%9C%96Gis_02_c145a3,"Page.goto: net::ERR_CONNECTION_TIMED_OUT at https://csteng.cc/%e8%88%aa%e6%b5%b7%e5%9c%96gis/
Call log:
  - navigating to ""https://csteng.cc/%e8%88%aa%e6%b5%b7%e5%9c%96gis/"", waiting until ""networkidl"
04_news_section,https://papers.ssrn.com/sol3/papers.cfm?abstract_id=4350441&fbclid=IwY2xjawJedKJleHRuA2FlbQIxMAABHqLCtmrsXczbNAXT-2S-L47rhjQh1N2Up-ro7N4O9EXwx8U2GfRJKrmOII-O_aem_rtGnJHA5dBNPc0rC4cIwJg,04_Papers.Cfm_22_9e85f1,"Page.goto: Timeout 60000ms exceeded.
Call log:
  - navigating to ""https://papers.ssrn.com/sol3/papers.cfm?abstract_id=4350441&fbclid=IwY2xjawJedKJleHRuA2FlbQIxMAABHqLCtmrsXczbNAXT-2S-L47rhjQh1N2Up-ro7"
05_archive_section,http://www.science.org/doi/10.1126/sciadv.adv5507?adobe_mc=MCMID%3D45922413595041870143259020525062249704%7CMCORGID%3D242B6472541199F70A4C98A6%2540AdobeOrg%7CTS%3D1750768914,05_Sciadv.Adv5507_48_af139e,"Page.goto: Timeout 60000ms exceeded.
Call log:
  - navigating to ""http://www.science.org/doi/10.1126/sciadv.adv5507?adobe_mc=MCMID%3D45922413595041870143259020525062249704%7CMCORGID%3D242B6472541199F7"
