﻿folder_name,url,title
01_News_01_f75f1f,https://www.1421foundation.org/news.html,News
01_Contact_02_4f8a42,https://www.1421foundation.org/contact.html,Contact
01_Research_03_69e8d0,https://www.1421foundation.org/research.html,Research
01_Donate_04_731e53,https://www.1421foundation.org/donate.html,Donate
01_Untitled Page_05_17b28b,https://www.1421foundation.org/,Untitled Page
01_Explore_06_13276a,https://www.1421foundation.org/explore.html,Explore
01_Educate_07_0601b6,https://www.1421foundation.org/educate.html,Educate
01_About_08_fd912b,https://www.1421foundation.org/about.html,About
01_Contact the 1421 Foundation _ Connect with Us - The 1421 Research Education a..._09_4f8a42,https://www.1421foundation.org/contact.html,Contact the 1421 Foundation | Connect with Us - The 1421 Research Education and Exploration Foundati
01_The 1421 Research Education and Exploration Foundation - NEWS_10_f75f1f,https://www.1421foundation.org/news.html,The 1421 Research Education and Exploration Foundation - NEWS
01_Ongoing focussed research around the world - The 1421 Research Education and ..._11_69e8d0,https://www.1421foundation.org/research.html,Ongoing focussed research around the world - The 1421 Research Education and Exploration Foundation
01_Support the 1421 Foundation _ Help rewrite history with your donation - The 1..._12_731e53,https://www.1421foundation.org/donate.html,Support the 1421 Foundation | Help rewrite history with your donation - The 1421 Research Education 
01_The 1421 Research Education and Exploration Foundation - A true history of gl..._13_17b28b,https://www.1421foundation.org/,The 1421 Research Education and Exploration Foundation - A true history of global exploration
01_Explore Early Civilisations _ 1421 Foundation Discoveries - The 1421 Research..._14_13276a,https://www.1421foundation.org/explore.html,Explore Early Civilisations | 1421 Foundation Discoveries - The 1421 Research Education and Explorat
01_Educate with the 1421 Foundation _ Resources & Learning - The 1421 Research E..._15_0601b6,https://www.1421foundation.org/educate.html,Educate with the 1421 Foundation | Resources & Learning - The 1421 Research Education and Exploratio
01_About the 1421 Foundation _ Our Mission & Legacy - The 1421 Research Educatio..._16_fd912b,https://www.1421foundation.org/about.html,About the 1421 Foundation | Our Mission & Legacy - The 1421 Research Education and Exploration Found
02_Who Discovered America_01_b776c4,https://www.1421foundation.org/who_discovered_america.html,Who Discovered America
02_Christopher Columbus Legacy_02_51adaa,https://www.1421foundation.org/christopher_columbus_legacy.html,Christopher Columbus Legacy
02_Who Discovered America - The 1421 Research Education and Exploration Foundation_03_b776c4,https://www.1421foundation.org/who_discovered_america.html,Who Discovered America - The 1421 Research Education and Exploration Foundation
02_Christopher Columbus' Legacy - The 1421 Research Education and Exploration Fo..._04_51adaa,https://www.1421foundation.org/christopher_columbus_legacy.html,Christopher Columbus' Legacy - The 1421 Research Education and Exploration Foundation
03_Research_01_66ceb0,https://www.1421foundation.org/research/,Research
03_Ongoing focussed research around the world - The 1421 Research Education and ..._02_66ceb0,https://www.1421foundation.org/research/,Ongoing focussed research around the world - The 1421 Research Education and Exploration Foundation
04_News_01_8f55a5,https://www.1421foundation.org/news,News
04_%E8%88%Aa%E6%B5%B7%E5%9C%96Gis_02_c145a3,https://csteng.cc/%e8%88%aa%e6%b5%b7%e5%9c%96gis/,%E8%88%Aa%E6%B5%B7%E5%9C%96Gis
04_Global Historic Story In An Ancient Chinese Map_03_806939,https://asiatimes.com/2025/08/global-historic-story-in-an-ancient-chinese-map/?fbclid=IwY2xjawNkqg1leHRuA2FlbQIxMQABHrUM6fP3qLiRQKGxpZU66yfGFjfBLyRdbkFkSUk00Z7h7Anzu67Q5w_ZQp1k_aem_yyOolw2s0wRrmUgncY-Ztg,Global Historic Story In An Ancient Chinese Map
04_The 1421 Research Education and Exploration Foundation - NEWS_04_8f55a5,https://www.1421foundation.org/news,The 1421 Research Education and Exploration Foundation - NEWS
04_Untitled Page_05_6534c1,https://www.livescience.com/,Untitled Page
04_Global historic story in an ancient Chinese map - Asia Times_06_806939,https://asiatimes.com/2025/08/global-historic-story-in-an-ancient-chinese-map/?fbclid=IwY2xjawNkqg1leHRuA2FlbQIxMQABHrUM6fP3qLiRQKGxpZU66yfGFjfBLyRdbkFkSUk00Z7h7Anzu67Q5w_ZQp1k_aem_yyOolw2s0wRrmUgncY-Ztg,Global historic story in an ancient Chinese map - Asia Times
04_Untitled Page_07_0b0ba6,https://www.newasiacurrents.com,Untitled Page
04_Venetian Lion St Mark Chinese Intl Scli_08_78d1ad,https://edition.cnn.com/2025/09/08/travel/venetian-lion-st-mark-chinese-intl-scli,Venetian Lion St Mark Chinese Intl Scli
04_D41586 025 03735 9_09_a04e01,https://www.nature.com/articles/d41586-025-03735-9,D41586 025 03735 9
04_The Ming Dynasty Chenghua Pumpkin Glazed Porcelain Cups Support Gavin Menzies..._10_8b01df,https://www.1421foundation.org/news/the-ming-dynasty-chenghua-pumpkin-glazed-porcelain-cups-support-gavin-menzies-theory,The Ming Dynasty Chenghua Pumpkin Glazed Porcelain Cups Support Gavin Menzies Theory
04_Live Science _ Latest science news and articles for those with curious minds_11_6534c1,https://www.livescience.com/,Live Science | Latest science news and articles for those with curious minds
04_New Asia Currents_12_0b0ba6,https://www.newasiacurrents.com,New Asia Currents
04_The Ming Dynasty Chenghua Pumpkin Glazed Porcelain Cups Support Gavin Menzies..._13_8b01df,https://www.1421foundation.org/news/the-ming-dynasty-chenghua-pumpkin-glazed-porcelain-cups-support-gavin-menzies-theory,The Ming Dynasty Chenghua Pumpkin Glazed Porcelain Cups Support Gavin Menzies' Theory - The 1421 Res
04_Bronze Age Minoan Ingots Are Evidence Of Ancient Trade Links_14_8ebe89,https://hellenicstudies.gsu.edu/2023/08/21/bronze-age-minoan-ingots-are-evidence-of-ancient-trade-links/,Bronze Age Minoan Ingots Are Evidence Of Ancient Trade Links
04_Zheng He The Forgotten Discoverer Of America 2_15_0a4cf5,https://www.newasiacurrents.com/zheng-he-the-forgotten-discoverer-of-america-2/,Zheng He The Forgotten Discoverer Of America 2
"04_Venice's famous winged lion statue is actually Chinese, scientists say _ CNN_16_78d1ad",https://edition.cnn.com/2025/09/08/travel/venetian-lion-st-mark-chinese-intl-scli,"Venice's famous winged lion statue is actually Chinese, scientists say | CNN"
04_Introducing The Inaugural Edition Of The New Asia Currents Newsletter 2_17_93ace4,https://www.newasiacurrents.com/introducing-the-inaugural-edition-of-the-new-asia-currents-newsletter-2/,Introducing The Inaugural Edition Of The New Asia Currents Newsletter 2
04_Zheng He_ The forgotten discoverer of America__18_0a4cf5,https://www.newasiacurrents.com/zheng-he-the-forgotten-discoverer-of-america-2/,Zheng He: The forgotten discoverer of America?
04_Zheng He The Forgotten Discoverer Of America London Based Scholar And Best Se..._19_cc8272,https://www.newasiacurrents.com/zheng-he-the-forgotten-discoverer-of-america-london-based-scholar-and-best-selling-author-ian-hudson-shares-his-views-and-researches-on-the-chinese-explorers-discoveries-2/,Zheng He The Forgotten Discoverer Of America London Based Scholar And Best Selling Author Ian Hudson
04_Oldest known evidence of the controlled ignition of fire_20_a04e01,https://www.nature.com/articles/d41586-025-03735-9,Oldest known evidence of the controlled ignition of fire
04_Introducing the inaugural New Asia Currents Newsletter_21_93ace4,https://www.newasiacurrents.com/introducing-the-inaugural-edition-of-the-new-asia-currents-newsletter-2/,Introducing the inaugural New Asia Currents Newsletter
04_Papers.Cfm_22_9e85f1,https://papers.ssrn.com/sol3/papers.cfm?abstract_id=4350441&fbclid=IwY2xjawJedKJleHRuA2FlbQIxMAABHqLCtmrsXczbNAXT-2S-L47rhjQh1N2Up-ro7N4O9EXwx8U2GfRJKrmOII-O_aem_rtGnJHA5dBNPc0rC4cIwJg,Papers.Cfm
04_Bronze Age Minoan Ingots Are Evidence of Ancient Trade Links - Hellenic Studies_23_8ebe89,https://hellenicstudies.gsu.edu/2023/08/21/bronze-age-minoan-ingots-are-evidence-of-ancient-trade-links/,Bronze Age Minoan Ingots Are Evidence of Ancient Trade Links - Hellenic Studies
04_New Asia Currents_24_cc8272,https://www.newasiacurrents.com/zheng-he-the-forgotten-discoverer-of-america-london-based-scholar-and-best-selling-author-ian-hudson-shares-his-views-and-researches-on-the-chinese-explorers-discoveries-2/,New Asia Currents
05_Jun_2025_06 2025_01_f5626e,https://www.1421foundation.org/news/archives/06-2025,06 2025
05_Feb_2025_02 2025_02_84f2f4,https://www.1421foundation.org/news/archives/02-2025,02 2025
05_Jul_2025_07 2025_03_48cabf,https://www.1421foundation.org/news/archives/07-2025,07 2025
05_Jan_2025_01 2025_04_ca219d,https://www.1421foundation.org/news/archives/01-2025,01 2025
05_May_2025_05 2025_05_db89c9,https://www.1421foundation.org/news/archives/05-2025,05 2025
05_Mar_2025_03 2025_06_9962fe,https://www.1421foundation.org/news/archives/03-2025,03 2025
05_Apr_2025_04 2025_07_04b42a,https://www.1421foundation.org/news/archives/04-2025,04 2025
05_Aug_2025_08 2025_08_f645d7,https://www.1421foundation.org/news/archives/08-2025,08 2025
05_Jun_2025_Blog Archives - The 1421 Research Education and Explorati..._09_f5626e,https://www.1421foundation.org/news/archives/06-2025,Blog Archives - The 1421 Research Education and Exploration Foundation
05_Jan_2025_Blog Archives - The 1421 Research Education and Explorati..._10_ca219d,https://www.1421foundation.org/news/archives/01-2025,Blog Archives - The 1421 Research Education and Exploration Foundation
05_Jul_2025_Blog Archives - The 1421 Research Education and Explorati..._11_48cabf,https://www.1421foundation.org/news/archives/07-2025,Blog Archives - The 1421 Research Education and Exploration Foundation
05_May_2025_Blog Archives - The 1421 Research Education and Explorati..._12_db89c9,https://www.1421foundation.org/news/archives/05-2025,Blog Archives - The 1421 Research Education and Exploration Foundation
05_Feb_2025_Blog Archives - The 1421 Research Education and Explorati..._13_84f2f4,https://www.1421foundation.org/news/archives/02-2025,Blog Archives - The 1421 Research Education and Exploration Foundation
05_Mar_2025_Blog Archives - The 1421 Research Education and Explorati..._14_9962fe,https://www.1421foundation.org/news/archives/03-2025,Blog Archives - The 1421 Research Education and Exploration Foundation
05_Aug_2025_Blog Archives - The 1421 Research Education and Explorati..._15_f645d7,https://www.1421foundation.org/news/archives/08-2025,Blog Archives - The 1421 Research Education and Exploration Foundation
05_Sep_2024_09 2024_16_e699e0,https://www.1421foundation.org/news/archives/09-2024,09 2024
05_Apr_2025_Blog Archives - The 1421 Research Education and Explorati..._17_04b42a,https://www.1421foundation.org/news/archives/04-2025,Blog Archives - The 1421 Research Education and Exploration Foundation
05_Dec_2024_12 2024_18_166139,https://www.1421foundation.org/news/archives/12-2024,12 2024
05_Nov_2024_11 2024_19_84bd0a,https://www.1421foundation.org/news/archives/11-2024,11 2024
05_Oct_2024_10 2024_20_6b3a27,https://www.1421foundation.org/news/archives/10-2024,10 2024
05_Aug_2024_08 2024_21_040970,https://www.1421foundation.org/news/archives/08-2024,08 2024
05_Jun_2024_06 2024_22_9086bb,https://www.1421foundation.org/news/archives/06-2024,06 2024
05_Sep_2024_Blog Archives - The 1421 Research Education and Explorati..._23_e699e0,https://www.1421foundation.org/news/archives/09-2024,Blog Archives - The 1421 Research Education and Exploration Foundation
05_Jul_2024_07 2024_24_079ab7,https://www.1421foundation.org/news/archives/07-2024,07 2024
05_Nov_2024_Blog Archives - The 1421 Research Education and Explorati..._25_84bd0a,https://www.1421foundation.org/news/archives/11-2024,Blog Archives - The 1421 Research Education and Exploration Foundation
05_Apr_2024_04 2024_26_152cb9,https://www.1421foundation.org/news/archives/04-2024,04 2024
05_May_2024_05 2024_27_6f997b,https://www.1421foundation.org/news/archives/05-2024,05 2024
05_Oct_2024_Blog Archives - The 1421 Research Education and Explorati..._28_6b3a27,https://www.1421foundation.org/news/archives/10-2024,Blog Archives - The 1421 Research Education and Exploration Foundation
05_Aug_2024_Blog Archives - The 1421 Research Education and Explorati..._29_040970,https://www.1421foundation.org/news/archives/08-2024,Blog Archives - The 1421 Research Education and Exploration Foundation
05_Jun_2024_Blog Archives - The 1421 Research Education and Explorati..._30_9086bb,https://www.1421foundation.org/news/archives/06-2024,Blog Archives - The 1421 Research Education and Exploration Foundation
05_Jul_2024_Blog Archives - The 1421 Research Education and Explorati..._31_079ab7,https://www.1421foundation.org/news/archives/07-2024,Blog Archives - The 1421 Research Education and Exploration Foundation
05_Dec_2024_Blog Archives - The 1421 Research Education and Explorati..._32_166139,https://www.1421foundation.org/news/archives/12-2024,Blog Archives - The 1421 Research Education and Exploration Foundation
05_Feb_2024_02 2024_33_4296dc,https://www.1421foundation.org/news/archives/02-2024,02 2024
05_Mar_2024_03 2024_34_9c0b26,https://www.1421foundation.org/news/archives/03-2024,03 2024
05_Apr_2024_Blog Archives - The 1421 Research Education and Explorati..._35_152cb9,https://www.1421foundation.org/news/archives/04-2024,Blog Archives - The 1421 Research Education and Exploration Foundation
05_May_2024_Blog Archives - The 1421 Research Education and Explorati..._36_6f997b,https://www.1421foundation.org/news/archives/05-2024,Blog Archives - The 1421 Research Education and Exploration Foundation
05_Jan_2024_01 2024_37_9cfa93,https://www.1421foundation.org/news/archives/01-2024,01 2024
05_281986088817557_38_160508,https://www.pressreader.com/canada/times-colonist/20251109/281986088817557,281986088817557
05_9Kvsjene_39_1d0f73,http://tinyurl.com/9kvsjene,9Kvsjene
05_Feb_2024_Blog Archives - The 1421 Research Education and Explorati..._40_4296dc,https://www.1421foundation.org/news/archives/02-2024,Blog Archives - The 1421 Research Education and Exploration Foundation
05_Mar_2024_Blog Archives - The 1421 Research Education and Explorati..._41_9c0b26,https://www.1421foundation.org/news/archives/03-2024,Blog Archives - The 1421 Research Education and Exploration Foundation
05_Programme 1_42_9e03c2,https://commonwealthofworldchinatowns.com/programme-1?ref=newasiacurrents.com,Programme 1
05_3A0Bcab1C15Dcad92C2Cb50Cf044Fa1A_43_1277e8,https://min.news/en/collect/3a0bcab1c15dcad92c2cb50cf044fa1a.html,3A0Bcab1C15Dcad92C2Cb50Cf044Fa1A
05_PressReader.com - Digital Newspaper & Magazine Subscriptions_44_160508,https://www.pressreader.com/canada/times-colonist/20251109/281986088817557,PressReader.com - Digital Newspaper & Magazine Subscriptions
05_Viewform_45_11f3bd,https://docs.google.com/forms/d/e/1FAIpQLSccI3Y5IBmoIIW636KOYy5CuAnbRg77UNcu8IDYVEq3uv41Mw/viewform?ref=newasiacurrents.com,Viewform
05_Jan_2024_Blog Archives - The 1421 Research Education and Explorati..._46_9cfa93,https://www.1421foundation.org/news/archives/01-2024,Blog Archives - The 1421 Research Education and Exploration Foundation
05_Archive Page_47_90ed6d,https://commonwealthofworldchinatowns.com/,Archive Page
05_Sciadv.Adv5507_48_af139e,http://www.science.org/doi/10.1126/sciadv.adv5507?adobe_mc=MCMID%3D45922413595041870143259020525062249704%7CMCORGID%3D242B6472541199F70A4C98A6%2540AdobeOrg%7CTS%3D1750768914,Sciadv.Adv5507
05_Programme_49_9e03c2,https://commonwealthofworldchinatowns.com/programme-1?ref=newasiacurrents.com,Programme
05_CWC Conference_ Registration Form_50_11f3bd,https://docs.google.com/forms/d/e/1FAIpQLSccI3Y5IBmoIIW636KOYy5CuAnbRg77UNcu8IDYVEq3uv41Mw/viewform?ref=newasiacurrents.com,CWC Conference: Registration Form
05_commonwealthofworldchinatowns.com_51_90ed6d,https://commonwealthofworldchinatowns.com/,commonwealthofworldchinatowns.com
05_The latest news from the 1421 Foundation!_52_1d0f73,http://tinyurl.com/9kvsjene,The latest news from the 1421 Foundation!
05_Attention Required! _ Cloudflare_53_1277e8,https://min.news/en/collect/3a0bcab1c15dcad92c2cb50cf044fa1a.html,Attention Required! | Cloudflare
