﻿page_number,folder_name,url,title,content,author,word_count
23,13_Chapter023_The_Catlins_Surat_Bay_023_ddd8,https://www.gavinmenzies.net/Evidence/23-the-catlins-surat-bay/,23 THE CATLINS: Surat Bay - Gavin MenziesGavin Menzies,"23 THE CATLINS: Surat Bay
View:
Complete 1421 listings
Posted on
August 16, 2011
SURAT BAY, CATLINS
Named after the ship which was wrecked on the point.
This Bay also appears to have been the graveyard for many of the Chinese fleet, presumably swept ashore in a storm. The resting places of six 47m x 11m Junks and one 100m x 50m Junk have been located.
JUNK DIMENSIONS.
LONG LAT.
HARBOUR
WRECKED
47m x 11m
(46d, 28`, 40S, - 169d, 44`, 33E)
Yes
47m x 11m
(46d, 28`, 41S, - 169d, 44`, 24E)
Yes
47m x 11m
47m x 11m (46d, 28`, 42S, - 169d, 44`, 15E)
No
PRESUMED
47m x 11m
47m x 11m (46d, 28`, 45S, - 169d, 43`, 49E)
Unfinished
47m x 11m
47m x 11m (46d, 28`, 47S, - 169d, 43`, 48E)
Yes
47m x 11m
47m x 11m (46d, 28`, 49S, - 169d, 43`, 27E)
No
PRESUMED
100m x 50m
(46d, 28`, 51S, - 169d, 43`, 00E)
No
PRESUMED
.All lying at right angles to the sea-shore.
A MAS applied over the anchors of the 100m x 50m Junk, indicated that each anchor is 8m wide with 1.8m flukes and 0.75 diameter shank. The two anchors are lying 10m apart
T.C.Bell UK Feb 2003
Comment:
If you have comments or suggestions on this article please click here
Chapter 1 - An adventure on Crete
»
Comments are closed.",Gavin Menzies,233
