﻿section,total_pages,successful,failed,success_rate
01 Frontispiece,4,4,0,100.0%
02 Part 1I European Maps,3,3,0,100.0%
03 Part 1Ii Discovery Of World,15,15,0,100.0%
04 Part 1Iii Zheng He Map 1418,29,29,0,100.0%
05 Part Ii Medieval Chinese Knowledge,8,8,0,100.0%
06 Part Iii Zheng He Evidence,28,28,0,100.0%
07 Part Iv Genetics Papers,1,1,0,100.0%
08 Part V Trading System,1,1,0,100.0%
09 Part Vi Annexes Worldwide,31,31,0,100.0%
10 Part Vii Genetic Legacy,42,42,0,100.0%
11 Part Viii Work In Progress,8,8,0,100.0%
12 Part Ix Independent Research,12,12,0,100.0%
13 Independent Cedric Bells Survey,53,53,0,100.0%
14 Independent Nz Update,22,22,0,100.0%
15 Independent Alaska,3,3,0,100.0%
17 Independent Piasa,8,8,0,100.0%
18 Independent Colombia,6,6,0,100.0%
19 Independent Wang Tai Peng,8,8,0,100.0%
20 Independent Liu Gang,1,1,0,100.0%
