﻿folder_name,url,title,section,position,chapter
01_Chapter001_Synopsis_Of_Evidence_Exclusive_001_7635,https://www.gavinmenzies.net/Evidence/1-synopsis-of-evidence-exclusive-2/,1 Synopsis of Evidence Exclusive - Gavin MenziesGavin Menzies,01_frontispiece,1,1
01_Chapter002_Research_Methods_And_Equipment_Deployed_002_583a,https://www.gavinmenzies.net/Evidence/2-research-methods-and-equipment-deployed-2/,2 Research Methods and Equipment Deployed - Gavin MenziesGavin Menzies,01_frontispiece,2,2
01_Chapter003_Vetting_1421_For_Accuracy_By_Chinese_Ins_003_2931,https://www.gavinmenzies.net/Evidence/3-vetting-1421-for-accuracy-by-chinese-institutions/,3 Vetting 1421 for accuracy by Chinese Institutions - Gavin MenziesGavin Menzies,01_frontispiece,3,3
01_Chapter004_Summary_Of_Interesting_Information_Recei_004_0a38,https://www.gavinmenzies.net/Evidence/4-summary-of-interesting-information-received-recently-via-www-gavinmenzies-net/,4 Summary of Interesting Information received recently via www.gavinmenzies.net - Gavin MenziesGavin Menzies,01_frontispiece,4,4
02_Chapter001_Evidence_Provided_At_The_Royal_Geographi_001_2fac,https://www.gavinmenzies.net/Evidence/1-evidence-provided-at-the-royal-geographical-society-on-march-15th-2002-2/,"1 Evidence provided at the Royal Geographical Society on March 15th, 2002 - Gavin MenziesGavin Menzies",02_part_1i_european_maps,1,1
02_Chapter002_The_Whole_World_Was_Charted_By_1423_E2_8_002_c3c6,https://www.gavinmenzies.net/Evidence/2-the-whole-world-was-charted-by-1423-%e2%80%93-before-the-european-voyages-of-discovery-started-2/,2 The whole world was charted by 1423 - before the European voyages of discovery started - Gavin MenziesGavin Menzies,02_part_1i_european_maps,2,2
02_Chapter003_The_Europeans_Set_Sail_With_Accurate_Map_003_c7bb,https://www.gavinmenzies.net/Evidence/3-the-europeans-set-sail-with-accurate-maps-that-showed-their-destinations-2/,3 The Europeans set sail with accurate maps that showed their destinations - Gavin MenziesGavin Menzies,02_part_1i_european_maps,3,3
03_Chapter001_The_Discovery_Of_The_Master_Charts_Of_Th_001_34fe,https://www.gavinmenzies.net/Evidence/1-the-discovery-of-the-master-charts-of-the-world-2/,1 The Discovery of the Master Charts of the World - Gavin MenziesGavin Menzies,03_part_1ii_discovery_of_world,1,1
03_Chapter002_The_Eastern_Hemisphere_E2_80_93_Albertin_002_7531,https://www.gavinmenzies.net/Evidence/2-the-eastern-hemisphere-%e2%80%93-albertin-de-virgas-map/,2 The Eastern Hemisphere - Albertin de Virga's Map - Gavin MenziesGavin Menzies,03_part_1ii_discovery_of_world,2,2
03_Chapter003_Provenance_Of_Albertin_De_Virga_E2_80_99_003_c34a,https://www.gavinmenzies.net/Evidence/3-provenance-of-albertin-de-virga%e2%80%99s-map/,3 Provenance of Albertin de Virga's Map - Gavin MenziesGavin Menzies,03_part_1ii_discovery_of_world,3,3
03_Chapter004_The_Importance_Of_The_Map_004_0e3d,https://www.gavinmenzies.net/Evidence/4-the-importance-of-the-map/,4 The Importance of the Map - Gavin MenziesGavin Menzies,03_part_1ii_discovery_of_world,4,4
03_Chapter005_How_The_Map_Was_Drawn_The_Ingredients_005_c317,https://www.gavinmenzies.net/Evidence/5-how-the-map-was-drawn-the-ingredients/,5 How the Map was drawn - the ingredients - Gavin MenziesGavin Menzies,03_part_1ii_discovery_of_world,5,5
03_Chapter006_Zheng_Hes_1408_Master_Chart_Of_The_World_006_0a4a,https://www.gavinmenzies.net/Evidence/6-zheng-hes-1408-master-chart-of-the-world-refer-to-part-ii/,6 Zheng He's 1408 Master Chart of the World (refer to part II) - Gavin MenziesGavin Menzies,03_part_1ii_discovery_of_world,6,6
03_Chapter007_Consequences_Of_Albertin_De_Virga_E2_80__007_2bbe,https://www.gavinmenzies.net/Evidence/7-consequences-of-albertin-de-virga%e2%80%99s-map/,7 Consequences of Albertin de Virga's Map - Gavin MenziesGavin Menzies,03_part_1ii_discovery_of_world,7,7
03_Chapter008_The_Western_Hemisphere_The_Waldseemuelle_008_e9ac,https://www.gavinmenzies.net/Evidence/8-the-western-hemisphere-the-waldseemueller-map-published-1507/,8 The Western Hemisphere - The Waldseemueller Map (Published 1507) - Gavin MenziesGavin Menzies,03_part_1ii_discovery_of_world,8,8
03_Chapter009_Importance_Of_The_Waldseemueller_Map_009_7bf7,https://www.gavinmenzies.net/Evidence/9-importance-of-the-waldseemueller-map/,9 Importance of the Waldseemueller Map - Gavin MenziesGavin Menzies,03_part_1ii_discovery_of_world,9,9
03_Chapter010_The_Martellus_Forgeries_010_9772,https://www.gavinmenzies.net/Evidence/10-the-martellus-forgeries/,10 The Martellus forgeries - Gavin MenziesGavin Menzies,03_part_1ii_discovery_of_world,10,10
03_Chapter011_Waldseemueller_Projection_011_1e88,https://www.gavinmenzies.net/Evidence/11-waldseemueller-projection/,11 Waldseemueller Projection - Gavin MenziesGavin Menzies,03_part_1ii_discovery_of_world,11,11
03_Chapter012_Appendix_I_The_Waldseemueller_Chart_Coor_012_9c09,https://www.gavinmenzies.net/Evidence/12-appendix-i-the-waldseemueller-chart-coordinates-used-by-gm/,12 Appendix I - The Waldseemueller Chart Coordinates used by GM - Gavin MenziesGavin Menzies,03_part_1ii_discovery_of_world,12,12
03_Chapter013_The_Waldseemueller_And_The_Cantino_013_abe4,https://www.gavinmenzies.net/Evidence/13-the-waldseemueller-and-the-cantino-1502/,13 The Waldseemueller and The Cantino (1502) - Gavin MenziesGavin Menzies,03_part_1ii_discovery_of_world,13,13
03_Chapter014_Appendix_Ii_Names_On_The_Cantino_And_Wal_014_2613,https://www.gavinmenzies.net/Evidence/appendix-ii-names-on-the-cantino-and-waldseemueller-charts/,14 Appendix II - Names on The Cantino and Waldseemueller charts. - Gavin MenziesGavin Menzies,03_part_1ii_discovery_of_world,14,14
03_Chapter015_The_World_Shown_On_The_Waldseemueller_We_015_46ae,https://www.gavinmenzies.net/Evidence/15-the-world-shown-on-the-waldseemueller-western-hemisphere-and-the-albertin-di-virga-eastern-hemisphere-combined/,15 The World shown on the Waldseemueller ( Western Hemisphere) and the Albertin di Virga (Eastern Hemisphere) - combined - Gavin MenziesGavin Menzies,03_part_1ii_discovery_of_world,15,15
04_Chapter001_Zheng_Hes_Integrated_Map_Of_The_World_14_001_4387,https://www.gavinmenzies.net/Evidence/1-zheng-hes-integrated-map-of-the-world-1418-press-release/,"1 Zheng He's integrated map of the world, 1418 - PRESS RELEASE - Gavin MenziesGavin Menzies",04_part_1iii_zheng_he_map_1418,1,1
04_Chapter002_Liu_Gangs_Paper_Chinese_Bi_Hemispherical_002_bfa9,https://www.gavinmenzies.net/Evidence/2-liu-gangs-paper-chinese-bi-hemispherical-world-maps/,2 Liu Gang's paper - Chinese bi-hemispherical world maps - Gavin MenziesGavin Menzies,04_part_1iii_zheng_he_map_1418,2,2
04_Chapter003_Liu_Gang_Map_Talks_Without_Sound_A_Refut_003_d740,https://www.gavinmenzies.net/Evidence/3-liu-gang-map-talks-without-sound-a-refutation-of-the-criticisms-of-his-map/,3 Liu Gang - Map talks without sound - a refutation of the criticisms of his map - Gavin MenziesGavin Menzies,04_part_1iii_zheng_he_map_1418,3,3
04_Chapter004_1418_Map_Ams_Dating_Certificate_004_010d,https://www.gavinmenzies.net/Evidence/4-1418-map-ams-dating-certificate/,4 1418 map AMS dating certificate - Gavin MenziesGavin Menzies,04_part_1iii_zheng_he_map_1418,4,4
04_Chapter005_English_Translation_Of_Annotations_Depic_005_72b5,https://www.gavinmenzies.net/Evidence/5-english-translation-of-annotations-depicted-on-1418-map/,5 English Translation of Annotations Depicted on 1418 Map - Gavin MenziesGavin Menzies,04_part_1iii_zheng_he_map_1418,5,5
04_Chapter006_1418_Map_Background_Briefing_006_29f1,https://www.gavinmenzies.net/Evidence/6-1418-map-background-briefing/,6 1418 map - Background briefing - Gavin MenziesGavin Menzies,04_part_1iii_zheng_he_map_1418,6,6
04_Chapter007_Dr_Gunnar_Thompsons_Technical_Review_Of__007_6815,https://www.gavinmenzies.net/Evidence/7-dr-gunnar-thompsons-technical-review-of-the-1418-map/,7 Dr. Gunnar Thompson's technical review of the 1418 map - Gavin MenziesGavin Menzies,04_part_1iii_zheng_he_map_1418,7,7
04_Chapter008_Index_Of_Maps_Relating_To_Gavin_Menzies__008_8bc1,https://www.gavinmenzies.net/Evidence/8-index-of-maps-relating-to-gavin-menzies-presentation-in-beijing-march-22nd-2006/,"8 Index of maps relating to Gavin Menzies presentation in Beijing, March 22nd 2006 - Gavin MenziesGavin Menzies",04_part_1iii_zheng_he_map_1418,8,8
04_Chapter009_1418_Map_Gavin_Menzies_Presentation_To_B_009_d686,https://www.gavinmenzies.net/Evidence/9-1418-map-gavin-menzies-presentation-to-beijing-press-conference-march-23rd-2006/,"9 1418 map - Gavin Menzies' presentation to Beijing Press Conference, March 23rd, 2006 - Gavin MenziesGavin Menzies",04_part_1iii_zheng_he_map_1418,9,9
04_Chapter010_Records_Of_Zheng_He_And_Kublai_Khan_010_92ec,https://www.gavinmenzies.net/Evidence/10-records-of-zheng-he-and-kublai-khan/,10 Records of Zheng He and Kublai Khan - Gavin MenziesGavin Menzies,04_part_1iii_zheng_he_map_1418,10,10
04_Chapter011_Liu_Gangs_Original_Article_On_The_1418_M_011_5937,https://www.gavinmenzies.net/Evidence/11-liu-gangs-original-article-on-the-1418-map-17th-january-2006/,"11 Liu Gang's original article on the 1418 map, 17th January 2006 - Gavin MenziesGavin Menzies",04_part_1iii_zheng_he_map_1418,11,11
04_Chapter012_Dr_Gunnar_Thompsons_Opinion_Of_The_1418__012_8454,https://www.gavinmenzies.net/Evidence/12-dr-gunnar-thompsons-opinion-of-the-1418-map/,12 Dr. Gunnar Thompson's opinion of the 1418 map - Gavin MenziesGavin Menzies,04_part_1iii_zheng_he_map_1418,12,12
04_Chapter014_Anatole_Andros_Opinion_Of_The_1418_Map_013_7713,https://www.gavinmenzies.net/Evidence/14-anatole-andros-opinion-of-the-1418-map/,14 Anatole Andro's opinion of the 1418 map - Gavin MenziesGavin Menzies,04_part_1iii_zheng_he_map_1418,13,14
04_Chapter015_Professor_Robert_Cribbs_Opinion_Of_The_1_014_ab86,https://www.gavinmenzies.net/Evidence/15-professor-robert-cribbs-opinion-of-the-1418-map/,15 Professor Robert Cribbs' opinion of the 1418 map - Gavin MenziesGavin Menzies,04_part_1iii_zheng_he_map_1418,14,15
04_Chapter016_G_A_Bottomleys_Opinion_Concerning_The_De_015_a931,https://www.gavinmenzies.net/Evidence/16-g-a-bottomleys-opinion-concerning-the-determination-of-longitude-by-eclipses/,16 G. A. Bottomley's opinion concerning the determination of longitude by eclipses - Gavin MenziesGavin Menzies,04_part_1iii_zheng_he_map_1418,15,16
04_Chapter017_Yu_Di_Tu_Heaven_And_Earth_A_Ming_Dynasty_016_5bc6,https://www.gavinmenzies.net/Evidence/17-yu-di-tu-heaven-and-earth-a-ming-dynasty-book/,17 Yu Di Tu - Heaven and Earth - a Ming dynasty book - Gavin MenziesGavin Menzies,04_part_1iii_zheng_he_map_1418,16,17
04_Chapter018_Albertin_Di_Virgas_Map_And_Zheng_Hes_141_017_3de5,https://www.gavinmenzies.net/Evidence/18-albertin-di-virgas-map-and-zheng-hes-1418-map/,18 Albertin di Virga's map and Zheng He's 1418 map - Gavin MenziesGavin Menzies,04_part_1iii_zheng_he_map_1418,17,18
04_Chapter019_Waldseemuellers_Maps_And_Zheng_Hes_1418__018_9386,https://www.gavinmenzies.net/Evidence/19-waldseemuellers-maps-and-zheng-hes-1418-map/,19 Waldseemueller's maps and Zheng He's 1418 map - Gavin MenziesGavin Menzies,04_part_1iii_zheng_he_map_1418,18,19
04_Chapter020_Cantino_Map_Of_1502_And_Zheng_Hes_1418_Map_019_6a26,https://www.gavinmenzies.net/Evidence/20-cantino-map-of-1502-and-zheng-hes-1418-map/,20 Cantino Map of 1502 and Zheng He's 1418 map - Gavin MenziesGavin Menzies,04_part_1iii_zheng_he_map_1418,19,20
04_Chapter021_The_1418_Map_In_Relation_To_California_020_a47b,https://www.gavinmenzies.net/Evidence/21-the-1418-map-in-relation-to-california/,21 The 1418 map in relation to California - Gavin MenziesGavin Menzies,04_part_1iii_zheng_he_map_1418,20,21
04_Chapter022_Preface_From_Matteo_Riccis_World_Map_For_021_21a9,https://www.gavinmenzies.net/Evidence/22-preface-from-matteo-riccis-world-map-for-passage-to-north-sea/,22 Preface from Matteo Ricci's world map for passage to North Sea - Gavin MenziesGavin Menzies,04_part_1iii_zheng_he_map_1418,21,22
04_Chapter023_Pre_European_Cartography_Of_The_Ne_And_N_022_7315,https://www.gavinmenzies.net/Evidence/23-pre-european-cartography-of-the-ne-and-nw-passages-by-robin-lind/,23 Pre-European Cartography of the NE and NW passages by Robin Lind - Gavin MenziesGavin Menzies,04_part_1iii_zheng_he_map_1418,22,23
04_Chapter024_A_Summary_Tai_Peng_Wangs_Research_On_Liu_023_faf5,https://www.gavinmenzies.net/Evidence/24-a-summary-tai-peng-wangs-research-on-liu-gangs-map/,24 A summary Tai Peng Wang's research on Liu Gang's map - Gavin MenziesGavin Menzies,04_part_1iii_zheng_he_map_1418,23,24
04_Chapter025_A_Summary_Of_Lam_Yee_Dins_Research_On_Li_024_94e6,https://www.gavinmenzies.net/Evidence/25-a-summary-of-lam-yee-dins-research-on-liu-gangs-map/,25 A summary of Lam Yee Din's research on Liu Gang's map - Gavin MenziesGavin Menzies,04_part_1iii_zheng_he_map_1418,24,25
04_Chapter026_Chinese_Knowledge_Of_The_Spherical_Earth_025_d48a,https://www.gavinmenzies.net/Evidence/26-chinese-knowledge-of-the-spherical-earth-centered-on-the-sun-by-gunnar-thompson-ph-d/,"26 Chinese Knowledge of the Spherical Earth Centered on the Sun by Gunnar Thompson, Ph.D. - Gavin MenziesGavin Menzies",04_part_1iii_zheng_he_map_1418,25,26
04_Chapter027_The_1418_Map_E2_80_93_Zheng_He_E2_80_99S_026_ad9c,https://www.gavinmenzies.net/Evidence/27-the-1418-map-%e2%80%93-zheng-he%e2%80%99s-fleets-visits-to-peru/,27 The 1418 map - Zheng He's fleets visits to Peru - Gavin MenziesGavin Menzies,04_part_1iii_zheng_he_map_1418,26,27
04_Chapter028_Determining_Longitude_By_The_Equation_Of_027_af9e,https://www.gavinmenzies.net/Evidence/28-determining-longitude-by-the-equation-of-time-of-the-moon-professor-robert-cribbs/,28 Determining Longitude by the Equation of Time of the Moon (Professor Robert Cribbs) - Gavin MenziesGavin Menzies,04_part_1iii_zheng_he_map_1418,27,28
04_Chapter029_Zheng_He_E2_80_99S_Method_Of_Calculating_028_919b,https://www.gavinmenzies.net/Evidence/29-zheng-he%e2%80%99s-method-of-calculating-latitude-and-longitude/,29 Zheng He's method of calculating latitude and longitude - Gavin MenziesGavin Menzies,04_part_1iii_zheng_he_map_1418,28,29
04_Chapter030_Extracts_From_Early_Chinese_Records_Conc_029_783b,https://www.gavinmenzies.net/Evidence/30-extracts-from-early-chinese-records-concerning-the-deveolpment-and-use-of-the-magnetic-compass/,30 Extracts from early Chinese records concerning the deveolpment and use of the magnetic compass - Gavin MenziesGavin Menzies,04_part_1iii_zheng_he_map_1418,29,30
05_Chapter001_At_The_Time_Only_The_Chinese_Had_The_Cap_001_3d9e,https://www.gavinmenzies.net/Evidence/1-at-the-time-only-the-chinese-had-the-capacity-and-knowledge-to-explore-and-chart-the-world/,1 At the time only the Chinese had the capacity and knowledge to explore and chart the world - Gavin MenziesGavin Menzies,05_part_ii_medieval_chinese_knowledge,1,1
05_Chapter002_Chinese_Knowledge_Of_The_World_In_002_d945,https://www.gavinmenzies.net/Evidence/2-chinese-knowledge-of-the-world-in-1421/,2 Chinese knowledge of the world in 1421 - Gavin MenziesGavin Menzies,05_part_ii_medieval_chinese_knowledge,2,2
05_Chapter003_Chinese_Claims_As_To_Where_Zheng_He_E2_8_003_1362,https://www.gavinmenzies.net/Evidence/3-chinese-claims-as-to-where-zheng-he%e2%80%99s-fleets-sailed/,3 Chinese claims as to where Zheng He's fleets sailed - Gavin MenziesGavin Menzies,05_part_ii_medieval_chinese_knowledge,3,3
05_Chapter004_Key_To_The_Discoveries_E2_80_93_The_Dete_004_237c,https://www.gavinmenzies.net/Evidence/4-key-to-the-discoveries-%e2%80%93-the-determination-of-latitude-and-longitude/,4 Key to the Discoveries - The determination of Latitude and Longitude - Gavin MenziesGavin Menzies,05_part_ii_medieval_chinese_knowledge,4,4
05_Chapter005_Determination_Of_Longitude_005_7abc,https://www.gavinmenzies.net/Evidence/5-determination-of-longitude/,5 Determination of Longitude - Gavin MenziesGavin Menzies,05_part_ii_medieval_chinese_knowledge,5,5
05_Chapter006_Observation_Platforms_Used_By_The_Chines_006_3776,https://www.gavinmenzies.net/Evidence/6-observation-platforms-used-by-the-chinese-in-1421-2/,6 Observation platforms used by the Chinese in 1421-2 - Gavin MenziesGavin Menzies,05_part_ii_medieval_chinese_knowledge,6,6
05_Chapter007_Areas_Of_The_World_Surveyed_007_4cc0,https://www.gavinmenzies.net/Evidence/7-areas-of-the-world-surveyed/,7 Areas of the World surveyed - Gavin MenziesGavin Menzies,05_part_ii_medieval_chinese_knowledge,7,7
05_Chapter008_The_Chinese_Fleet_008_14e6,https://www.gavinmenzies.net/Evidence/8-the-chinese-fleet/,8 The Chinese Fleet - Gavin MenziesGavin Menzies,05_part_ii_medieval_chinese_knowledge,8,8
06_Chapter001_Introduction_001_04a3,https://www.gavinmenzies.net/Evidence/1-introduction-2/,1 Introduction - Gavin MenziesGavin Menzies,06_part_iii_zheng_he_evidence,1,1
06_Chapter002_Chinese_Maps_Star_Charts_And_Records_Whi_002_15db,https://www.gavinmenzies.net/Evidence/2-chinese-maps-star-charts-and-records-which-escaped-destruction/,"2 Chinese maps, star charts and records which escaped destruction - Gavin MenziesGavin Menzies",06_part_iii_zheng_he_evidence,2,2
06_Chapter003_Chinese_Or_Asiatic_People_Found_By_The_F_003_5c81,https://www.gavinmenzies.net/Evidence/3-chinese-or-asiatic-people-found-by-the-first-european-explorers/,3 Chinese or Asiatic People found by the First European Explorers - Gavin MenziesGavin Menzies,06_part_iii_zheng_he_evidence,3,3
06_Chapter004_Local_Peoples_Descriptions_Of_Chinese_Or_004_e15c,https://www.gavinmenzies.net/Evidence/4-local-peoples-descriptions-of-chinese-or-asiatic-peoples-who-settled-amongst-them-before-europeans-arrived-and-descriptions-of-their-ancestry/,4 Local peoples descriptions of Chinese or Asiatic peoples who settled amongst them before Europeans arrived and descriptions of their ancestry - Gavin MenziesGavin Menzies,06_part_iii_zheng_he_evidence,4,4
06_Chapter005_Linguistics_And_Languages_Common_To_The__005_2e74,https://www.gavinmenzies.net/Evidence/5-linguistics-and-languages-common-to-the-new-world-and-china/,5 Linguistics and Languages common to the New World and China - Gavin MenziesGavin Menzies,06_part_iii_zheng_he_evidence,5,5
06_Chapter006_Accounts_Of_Contemporary_Historians_That_006_829e,https://www.gavinmenzies.net/Evidence/6-accounts-of-contemporary-historians-that-describe-chinese-in-the-new-world/,6 Accounts of contemporary historians that describe Chinese in the New World - Gavin MenziesGavin Menzies,06_part_iii_zheng_he_evidence,6,6
06_Chapter007_Shipwrecks_With_Chinese_Characteristics__007_a615,https://www.gavinmenzies.net/Evidence/7-shipwrecks-with-chinese-characteristics-found-in-the-wake-of-the-chinese-fleet/,7 Shipwrecks with ''Chinese'' characteristics found in the wake of the Chinese Fleet - Gavin MenziesGavin Menzies,06_part_iii_zheng_he_evidence,7,7
06_Chapter008_Chinese_Porcelainceramics_Found_In_The_W_008_d844,https://www.gavinmenzies.net/Evidence/8-chinese-porcelainceramics-found-in-the-wake-of-zheng-he%e2%80%99s-fleet/,8 Chinese Porcelain/Ceramics found in the wake of Zheng He's Fleet - Gavin MenziesGavin Menzies,06_part_iii_zheng_he_evidence,8,8
06_Chapter009_Pre_Columbian_Chinese_Jade_Found_In_The__009_41e3,https://www.gavinmenzies.net/Evidence/9-pre-columbian-chinese-jade-found-in-the-wake-of-the-treasure-fleet/,9 Pre-Columbian Chinese Jade found in the wake of the Treasure Fleet - Gavin MenziesGavin Menzies,06_part_iii_zheng_he_evidence,9,9
06_Chapter010_Artefacts_Gems_Votive_Offerings_Coins_An_010_f70b,https://www.gavinmenzies.net/Evidence/10-artefacts-gems-votive-offerings-coins-and-funerary-urns-found-in-wake-of-chinese-fleet/,"10 Artefacts, gems, votive offerings, coins and funerary urns found in wake of Chinese Fleet - Gavin MenziesGavin Menzies",06_part_iii_zheng_he_evidence,10,10
06_Chapter011_Stone_Buildings_Or_Stone_Artefacts_Found_011_90f3,https://www.gavinmenzies.net/Evidence/11-stone-buildings-or-stone-artefacts-found-in-the-wake-of-the-chinese-fleet/,11 Stone buildings or stone artefacts found in the wake of the Chinese fleet - Gavin MenziesGavin Menzies,06_part_iii_zheng_he_evidence,11,11
06_Chapter012_Mining_Operations_Found_By_Europeans_Whe_012_8b94,https://www.gavinmenzies.net/Evidence/12-mining-operations-found-by-europeans-when-they-reached-the-new-world/,12 Mining Operations found by Europeans when they reached the New World - Gavin MenziesGavin Menzies,06_part_iii_zheng_he_evidence,12,12
06_Chapter013_Advanced_Technologies_Found_By_First_Eur_013_325c,https://www.gavinmenzies.net/Evidence/13-advanced-technologies-found-by-first-europeans-on-their-arrival-in-the-new-world/,13 Advanced Technologies found by first Europeans on their arrival in the New World - Gavin MenziesGavin Menzies,06_part_iii_zheng_he_evidence,13,13
06_Chapter014_Men_And_Animals_Indigenous_To_One_Contin_014_d7cd,https://www.gavinmenzies.net/Evidence/14-men-and-animals-indigenous-to-one-continent-found-in-another-by-the-first-europeans/,14 Men and animals indigenous to one continent found in another by the first Europeans - Gavin MenziesGavin Menzies,06_part_iii_zheng_he_evidence,14,14
06_Chapter015_Plants_Indigenous_To_One_Continent_Found_015_ccb2,https://www.gavinmenzies.net/Evidence/15-plants-indigenous-to-one-continent-found-on-another/,15 Plants indigenous to one continent found on another. - Gavin MenziesGavin Menzies,06_part_iii_zheng_he_evidence,15,15
06_Chapter002_Art_Exported_Around_The_World_By_Zheng_H_016_0f3d,https://www.gavinmenzies.net/Evidence/art-exported-around-the-world-by-zheng-he%e2%80%99s-fleet-pictures-of-chinese-people-junks-found-in-other-lands/,16 Art exported around the world by Zheng He's fleet / Pictures of Chinese people / junks found in other lands - Gavin MenziesGavin Menzies,06_part_iii_zheng_he_evidence,16,2
06_Chapter017_Folklore_Legends_Customs_And_Games_E2_80_017_a61d,https://www.gavinmenzies.net/Evidence/17-folklore-legends-customs-and-games-%e2%80%99exported%e2%80%99-from-china-to-the-new-world/,17 Folklore & Legends / Customs and Games 'exported' from China to the New World - Gavin MenziesGavin Menzies,06_part_iii_zheng_he_evidence,17,17
06_Chapter018_Metal_Artefacts_Armour_Weapons_And_Imple_018_a132,https://www.gavinmenzies.net/Evidence/18-metal-artefacts-armour-weapons-and-implements-found-in-wake-of-treasure-fleet/,"18 Metal artefacts - armour, weapons and implements found in wake of Treasure Fleet - Gavin MenziesGavin Menzies",06_part_iii_zheng_he_evidence,18,18
06_Chapter019_Plant_And_Animal_Breeding_Darwin_019_45bc,https://www.gavinmenzies.net/Evidence/19-plant-and-animal-breeding-darwin/,19 Plant and Animal Breeding (Darwin) - Gavin MenziesGavin Menzies,06_part_iii_zheng_he_evidence,19,19
06_Chapter020_Pets_Left_Behind_By_The_Treasure_Fleet_020_0cc8,https://www.gavinmenzies.net/Evidence/20-pets-left-behind-by-the-treasure-fleet/,20 Pets left behind by the Treasure Fleet - Gavin MenziesGavin Menzies,06_part_iii_zheng_he_evidence,20,20
06_Chapter021_The_Mega_Tsunami_Of_1422_Possible_Scenario_021_03a2,https://www.gavinmenzies.net/Evidence/21-the-mega-tsunami-of-1422-possible-scenario/,21 The Mega Tsunami of 1422 - possible scenario - Gavin MenziesGavin Menzies,06_part_iii_zheng_he_evidence,21,21
06_Chapter022_The_Destruction_Of_Zhou_Man_And_Hong_Bao_022_0214,https://www.gavinmenzies.net/Evidence/22-the-destruction-of-zhou-man-and-hong-bao%e2%80%99s-fleets-in-the-southern-ocean-by-a-tsunami-triggered-by-a-comet/,22 The Destruction of Zhou Man and Hong Bao's fleets in the Southern Ocean by a Tsunami triggered by a comet - Gavin MenziesGavin Menzies,06_part_iii_zheng_he_evidence,22,22
06_Chapter023_1424_Chart_Dictionaries_Used_For_Transla_023_713a,https://www.gavinmenzies.net/Evidence/23-1424-chart-dictionaries-used-for-translation-purposes/,23 1424 Chart - Dictionaries used for translation purposes - Gavin MenziesGavin Menzies,06_part_iii_zheng_he_evidence,23,23
06_Chapter024_Pre_Columbian_Charts_Showing_Antilia_Sat_024_901e,https://www.gavinmenzies.net/Evidence/24-pre-columbian-charts-showing-antilia-satanazes-saya-and-ymana-1/,"24 Pre-Columbian charts showing Antilia, Satanazes, Saya and Ymana 1 - Gavin MenziesGavin Menzies",06_part_iii_zheng_he_evidence,24,24
06_Chapter025_Pre_Columbian_Charts_Showing_Antilia_Sat_025_fd8b,https://www.gavinmenzies.net/Evidence/25-pre-columbian-charts-showing-antilia-satanazes-saya-and-ymana-2/,"25 Pre-Columbian charts showing Antilia, Satanazes, Saya and Ymana 2 - Gavin MenziesGavin Menzies",06_part_iii_zheng_he_evidence,25,25
06_Chapter026_Pre_Columbian_Charts_Showing_Antilia_Sat_026_6bb8,https://www.gavinmenzies.net/Evidence/26-pre-columbian-charts-showing-antilia-satanazes-saya-and-ymana-3/,"26 Pre-Columbian charts showing Antilia, Satanazes, Saya and Ymana 3 - Gavin MenziesGavin Menzies",06_part_iii_zheng_he_evidence,26,26
06_Chapter027_1424_Chart_Groupings_Of_Words_027_de7b,https://www.gavinmenzies.net/Evidence/27-1424-chart-groupings-of-words/,27 1424 Chart - Groupings of words - Gavin MenziesGavin Menzies,06_part_iii_zheng_he_evidence,27,27
06_Chapter028_Selected_Bibliography_028_374f,https://www.gavinmenzies.net/Evidence/28-selected-bibliography/,28 Selected Bibliography - Gavin MenziesGavin Menzies,06_part_iii_zheng_he_evidence,28,28
07_Chapter001_Papers_Referred_To_In_Genetics_Study_001_9843,https://www.gavinmenzies.net/Evidence/1-papers-referred-to-in-genetics-study/,1 Papers referred to in Genetics study - Gavin MenziesGavin Menzies,07_part_iv_genetics_papers,1,1
08_Chapter001_The_Trading_System_Created_By_The_Chines_001_159a,https://www.gavinmenzies.net/Evidence/1-the-trading-system-created-by-the-chinese-which-was-taken-over-by-the-europeans/,1 The Trading System created by the Chinese which was taken over by the Europeans - Gavin MenziesGavin Menzies,08_part_v_trading_system,1,1
09_Chapter001_Annex_1_Evidence_Of_Chinese_Fleets_Visit_001_bda4,https://www.gavinmenzies.net/Evidence/1-annex-1-evidence-of-chinese-fleets-visit-to-calicut/,1 Annex 1 - Evidence of Chinese Fleets visit to Calicut - Gavin MenziesGavin Menzies,09_part_vi_annexes_worldwide,1,1
09_Chapter002_Annex_2_Evidence_Of_The_Chinese_Fleets_V_002_a0f4,https://www.gavinmenzies.net/Evidence/2-annex-2-evidence-of-the-chinese-fleets-visiting-the-indian-ocean/,2 Annex 2 - Evidence of the Chinese Fleets visiting the Indian Ocean - Gavin MenziesGavin Menzies,09_part_vi_annexes_worldwide,2,2
09_Chapter003_Annex_3_Evidence_On_Chinese_Fleets_Visit_003_6f02,https://www.gavinmenzies.net/Evidence/3-annex-3-evidence-on-chinese-fleets-visit-to-europe-through-mediterranean/,3 Annex 3 - Evidence on Chinese Fleets visit to Europe through Mediterranean - Gavin MenziesGavin Menzies,09_part_vi_annexes_worldwide,3,3
09_Chapter004_Annex_4_Evidence_Of_Chinese_Fleets_Visit_004_34e2,https://www.gavinmenzies.net/Evidence/4-annex-4-evidence-of-chinese-fleets-visit-to-africa-east-coast/,4 Annex 4 - Evidence of Chinese Fleets visit to Africa - East Coast - Gavin MenziesGavin Menzies,09_part_vi_annexes_worldwide,4,4
09_Chapter005_Annex_5_Evidence_Of_Chinese_Fleets_Visit_005_35e2,https://www.gavinmenzies.net/Evidence/5-annex-5-evidence-of-chinese-fleets-visiting-africa-%e2%80%93-west-coast-including-south-africa/,5 Annex 5 - Evidence of Chinese fleets visiting Africa - West Coast including South Africa - Gavin MenziesGavin Menzies,09_part_vi_annexes_worldwide,5,5
09_Chapter006_Annex_6_Evidence_Of_Chinese_Fleets_Visit_006_d4be,https://www.gavinmenzies.net/Evidence/6-annex-6-evidence-of-chinese-fleets-visit-to-atlantic-and-cape-verde-islands/,6 Annex 6 - Evidence of Chinese Fleets visit to Atlantic and Cape Verde Islands - Gavin MenziesGavin Menzies,09_part_vi_annexes_worldwide,6,6
09_Chapter007_Annex_7_Evidence_Of_The_Chinese_Visiting_007_839f,https://www.gavinmenzies.net/Evidence/7-annex-7-evidence-of-the-chinese-visiting-brazil/,7 Annex 7 - Evidence of the Chinese visiting Brazil - Gavin MenziesGavin Menzies,09_part_vi_annexes_worldwide,7,7
09_Chapter008_Annex_8_Evidence_Of_The_Voyages_Of_Chine_008_8cd6,https://www.gavinmenzies.net/Evidence/8-annex-8-evidence-of-the-voyages-of-chinese-fleets-visiting-paraguay-argentina-and-the-falklands/,"8 Annex 8 - Evidence of the Voyages of Chinese Fleets visiting Paraguay, Argentina and the Falklands - Gavin MenziesGavin Menzies",09_part_vi_annexes_worldwide,8,8
09_Chapter009_Annex_9_Evidence_Of_Chinese_Fleets_Visit_009_a9d8,https://www.gavinmenzies.net/Evidence/9-annex-9-evidence-of-chinese-fleets-visit-to-antarctic/,9 Annex 9 - Evidence of Chinese Fleets visit to Antarctic - Gavin MenziesGavin Menzies,09_part_vi_annexes_worldwide,9,9
09_Chapter010_Annex_10_Evidence_Of_Chinese_Fleets_Visi_010_2a0b,https://www.gavinmenzies.net/Evidence/10-annex-10-evidence-of-chinese-fleets-visit-to-australia-%e2%80%93-west-coast/,10 Annex 10 - Evidence of Chinese Fleets visit to Australia - West Coast - Gavin MenziesGavin Menzies,09_part_vi_annexes_worldwide,10,10
09_Chapter011_Annex_11_Evidence_Of_Chinese_Fleets_Visi_011_1dd8,https://www.gavinmenzies.net/Evidence/11-annex-11-evidence-of-chinese-fleets-visit-to-chile-patagonia-and-the-straits-of-magellan/,"11 Annex 11 - Evidence of Chinese Fleets visit to Chile, Patagonia and the Straits of Magellan - Gavin MenziesGavin Menzies",09_part_vi_annexes_worldwide,11,11
09_Chapter012_Annex_12_Evidence_Of_The_Voyages_Of_Zhen_012_50e2,https://www.gavinmenzies.net/Evidence/12-annex-12-evidence-of-the-voyages-of-zheng-he%e2%80%99s-fleets-to-peru-and-bolivia/,12 Annex 12 - Evidence of the Voyages of Zheng He's Fleets to Peru and Bolivia - Gavin MenziesGavin Menzies,09_part_vi_annexes_worldwide,12,12
09_Chapter013_Annex_13_Evidence_Of_Chinese_Fleets_Visi_013_6a58,https://www.gavinmenzies.net/Evidence/13-annex-13-evidence-of-chinese-fleets-visiting-ecuador/,13 Annex 13 - Evidence of Chinese fleets visiting Ecuador - Gavin MenziesGavin Menzies,09_part_vi_annexes_worldwide,13,13
09_Chapter014_Annex_14_Evidence_Of_The_Chinese_Fleets__014_cd64,https://www.gavinmenzies.net/Evidence/14-annex-14-evidence-of-the-chinese-fleets-visiting-the-isthmus-of-darien-first/,14 Annex 14 - Evidence of the Chinese Fleets visiting the Isthmus of Darien First - Gavin MenziesGavin Menzies,09_part_vi_annexes_worldwide,14,14
09_Chapter015_Annex_15_Evidence_Of_The_First_Panama_Ca_015_4d01,https://www.gavinmenzies.net/Evidence/15-annex-15-evidence-of-the-first-panama-canal/,15 Annex 15 - Evidence of the first Panama Canal - Gavin MenziesGavin Menzies,09_part_vi_annexes_worldwide,15,15
09_Chapter016_Annex_16_E2_80_93_Evidence_Of_Chinese_Fl_016_289b,https://www.gavinmenzies.net/Evidence/16-annex-16-%e2%80%93-evidence-of-chinese-fleets-visit-trans-pacific-to-australia/,16 Annex 16 - Evidence of Chinese Fleets visit Trans-Pacific to Australia - Gavin MenziesGavin Menzies,09_part_vi_annexes_worldwide,16,16
09_Chapter017_Annex_17_Evidence_Of_Chinese_Fleets_Visi_017_4d96,https://www.gavinmenzies.net/Evidence/17-annex-17-evidence-of-chinese-fleets-visit-to-australia-east-coast-and-northern-territories-coastline/,17 Annex 17 - Evidence of Chinese Fleets visit to Australia - East Coast and Northern Territories Coastline - Gavin MenziesGavin Menzies,09_part_vi_annexes_worldwide,17,17
09_Chapter018_Annex_18_Evidence_Of_Chinese_Fleets_Visi_018_6d3b,https://www.gavinmenzies.net/Evidence/18-annex-18-evidence-of-chinese-fleets-visit-to-new-zealand/,18 Annex 18 - Evidence of Chinese Fleets visit to New Zealand - Gavin MenziesGavin Menzies,09_part_vi_annexes_worldwide,18,18
09_Chapter019_Annex_19_Evidence_Of_Chinese_Fleets_Visi_019_97ec,https://www.gavinmenzies.net/Evidence/19-annex-19-evidence-of-chinese-fleets-visit-to-spice-islands-philippines-indonesia/,19 Annex 19 - Evidence of Chinese Fleets visit to Spice Islands/ Philippines/ Indonesia - Gavin MenziesGavin Menzies,09_part_vi_annexes_worldwide,19,19
09_Chapter020_Annex_20_E2_80_93_Evidence_For_The_Chine_020_550d,https://www.gavinmenzies.net/Evidence/20-annex-20-%e2%80%93-evidence-for-the-chinese-visit-to-the-trans-pacific-to-america/,20 Annex 20 - Evidence for the Chinese visit to the Trans-Pacific to America - Gavin MenziesGavin Menzies,09_part_vi_annexes_worldwide,20,20
09_Chapter021_Annex_21_E2_80_93_Evidence_For_The_Japan_021_43a7,https://www.gavinmenzies.net/Evidence/21-annex-21-%e2%80%93-evidence-for-the-japanese-ships-which-accompanied-zheng-he%e2%80%99s-fleets/,21 Annex 21 - Evidence for the Japanese Ships which accompanied Zheng He's Fleets - Gavin MenziesGavin Menzies,09_part_vi_annexes_worldwide,21,21
09_Chapter022_Annex_22_E2_80_93_Evidence_Of_Chinese_Fl_022_5562,https://www.gavinmenzies.net/Evidence/22-annex-22-%e2%80%93-evidence-of-chinese-fleets-visiting-british-colombia-washington-state-and-oregon/,"22 Annex 22 - Evidence of Chinese Fleets visiting British Colombia, Washington State and Oregon - Gavin MenziesGavin Menzies",09_part_vi_annexes_worldwide,22,22
09_Chapter023_Annex_23_E2_80_93_Evidence_Of_The_Chines_023_f271,https://www.gavinmenzies.net/Evidence/23-annex-23-%e2%80%93-evidence-of-the-chinese-fleets-visiting-california/,23 Annex 23 - Evidence of the Chinese Fleets visiting California - Gavin MenziesGavin Menzies,09_part_vi_annexes_worldwide,23,23
09_Chapter024_Annex_24_E2_80_93_Evidence_Of_The_Chines_024_5a6c,https://www.gavinmenzies.net/Evidence/24-annex-24-%e2%80%93-evidence-of-the-chinese-fleets-visiting-tiguex-%e2%80%93-arizona-colorado-new-mexico/,"24 Annex 24 - Evidence of the Chinese Fleets visiting Tiguex - Arizona, Colorado, New Mexico - Gavin MenziesGavin Menzies",09_part_vi_annexes_worldwide,24,24
09_Chapter025_Annex_25_E2_80_93_Evidence_Of_The_Chines_025_c907,https://www.gavinmenzies.net/Evidence/25-annex-25-%e2%80%93-evidence-of-the-chinese-fleets-visiting-mexico/,25 Annex 25 - Evidence of the Chinese Fleets visiting Mexico - Gavin MenziesGavin Menzies,09_part_vi_annexes_worldwide,25,25
09_Chapter026_Annex_26_Evidence_Of_The_Chinese_Fleets__026_c40d,https://www.gavinmenzies.net/Evidence/26-annex-26-evidence-of-the-chinese-fleets-visiting-guatemala-venezuela-nicaragua-panama-and-belize/,"26 Annex 26 - Evidence of the Chinese Fleets visiting Guatemala, Venezuela, Nicaragua, Panama and Belize - Gavin MenziesGavin Menzies",09_part_vi_annexes_worldwide,26,26
09_Chapter027_Annex_27_Evidence_Of_Chinese_Fleets_Visi_027_cc81,https://www.gavinmenzies.net/Evidence/27-annex-27-evidence-of-chinese-fleets-visit-to-across-the-caribbean-to-florida/,27 Annex 27 - Evidence of Chinese Fleets visit to across the Caribbean to Florida - Gavin MenziesGavin Menzies,09_part_vi_annexes_worldwide,27,27
09_Chapter028_Annex_28_Evidence_Of_Chinese_Fleets_Visi_028_f676,https://www.gavinmenzies.net/Evidence/28-annex-28-evidence-of-chinese-fleets-visit-to-carolinas-virginia-mississippi-illinois-north-dakota-wisconsin-and-maine/,28 Annex 28 - Evidence of Chinese Fleets visit to Carolinas/ Virginia/ Mississippi/ Illinois/ North Dakota/ Wisconsin and Maine - Gavin MenziesGavin Menzies,09_part_vi_annexes_worldwide,28,28
09_Chapter029_Annex_28B_Evidence_Of_Chinese_Fleets_Vis_029_0540,https://www.gavinmenzies.net/Evidence/29-annex-28b-evidence-of-chinese-fleets-visit-to-the-great-lakes-canada/,"29 Annex 28b - Evidence of Chinese fleets visit to the Great Lakes, Canada - Gavin MenziesGavin Menzies",09_part_vi_annexes_worldwide,29,29
09_Chapter030_Annex_29_Chinese_Settlements_In_New_Engl_030_a139,https://www.gavinmenzies.net/Evidence/30-annex-29-chinese-settlements-in-new-england-boston-rhode-island/,30 Annex 29 - Chinese Settlements in New England: Boston & Rhode Island - Gavin MenziesGavin Menzies,09_part_vi_annexes_worldwide,30,30
09_Chapter031_Annexes_30_31_32_Evidence_Of_Chinese_Fle_031_5557,https://www.gavinmenzies.net/Evidence/31-annexes-30-31-32-evidence-of-chinese-fleets-to-northern-europe-%e2%80%93-vice-admiral-chou-wen/,"31 Annexes 30, 31, 32 - Evidence of Chinese fleets to Northern Europe - Vice Admiral Chou Wen - Gavin MenziesGavin Menzies",09_part_vi_annexes_worldwide,31,31
10_Chapter001_The_Genetic_Legacy_Of_Zheng_He_E2_80_99S_001_603d,https://www.gavinmenzies.net/Evidence/1-the-genetic-legacy-of-zheng-he%e2%80%99s-fleets/,1 The Genetic Legacy of Zheng He's Fleets - Gavin MenziesGavin Menzies,10_part_vii_genetic_legacy,1,1
10_Chapter002_Hong_Bao_And_Zhou_Man_Voyages_To_South_A_002_0d9d,https://www.gavinmenzies.net/Evidence/2-hong-bao-and-zhou-man-voyages-to-south-america-the-genetic-legacy/,2 Hong Bao and Zhou Man - Voyages to South America - The Genetic Legacy - Gavin MenziesGavin Menzies,10_part_vii_genetic_legacy,2,2
10_Chapter003_Zhou_Man_Voyage_Across_The_Pacific_To_Au_003_001b,https://www.gavinmenzies.net/Evidence/3-zhou-man-voyage-across-the-pacific-to-australasia-the-genetic-legacy/,3 Zhou Man - Voyage across the Pacific to Australasia - The Genetic Legacy - Gavin MenziesGavin Menzies,10_part_vii_genetic_legacy,3,3
10_Chapter004_Zhou_Wen_Voyage_To_The_Caribbean_N_Ameri_004_d696,https://www.gavinmenzies.net/Evidence/4-zhou-wen-voyage-to-the-caribbean-n-america-and-across-the-atlantic-to-europe-the-genetic-legacy/,"4 Zhou Wen - Voyage to the Caribbean, N. America and across the Atlantic to Europe - The Genetic Legacy - Gavin MenziesGavin Menzies",10_part_vii_genetic_legacy,4,4
10_Chapter005_Zheng_He_Voyage_From_China_To_North_Amer_005_cdc5,https://www.gavinmenzies.net/Evidence/5-zheng-he-voyage-from-china-to-north-america-and-back-again-the-genetic-legacy/,5 Zheng He - Voyage from China to North America and back again - The Genetic Legacy - Gavin MenziesGavin Menzies,10_part_vii_genetic_legacy,5,5
10_Chapter006_Background_To_Dna_Research_006_71a6,https://www.gavinmenzies.net/Evidence/6-background-to-dna-research/,6 Background to DNA Research - Gavin MenziesGavin Menzies,10_part_vii_genetic_legacy,6,6
10_Chapter007_Synopsis_Of_The_Principal_Dna_Reports_Re_007_da00,https://www.gavinmenzies.net/Evidence/7-synopsis-of-the-principal-dna-reports-relied-upon/,7 Synopsis of the principal DNA reports relied upon - Gavin MenziesGavin Menzies,10_part_vii_genetic_legacy,7,7
10_Chapter008_Dna_Reports_Relied_Upon_008_2c5a,https://www.gavinmenzies.net/Evidence/8-dna-reports-relied-upon/,8 DNA reports relied upon - Gavin MenziesGavin Menzies,10_part_vii_genetic_legacy,8,8
10_Chapter009_Relevance_Of_The_Reports_To_009_67cd,https://www.gavinmenzies.net/Evidence/9-relevance-of-the-reports-to-1421/,9 Relevance of the reports to 1421 - Gavin MenziesGavin Menzies,10_part_vii_genetic_legacy,9,9
10_Chapter010_Epidemics_Viruses_And_Parasites_010_5650,https://www.gavinmenzies.net/Evidence/10-epidemics-viruses-and-parasites/,"10 Epidemics, viruses and parasites - Gavin MenziesGavin Menzies",10_part_vii_genetic_legacy,10,10
10_Chapter011_Diseases_011_d367,https://www.gavinmenzies.net/Evidence/11-diseases/,11 Diseases - Gavin MenziesGavin Menzies,10_part_vii_genetic_legacy,11,11
10_Chapter012_A_Summary_Of_Where_Chinese_Sailors_And_C_012_f4f8,https://www.gavinmenzies.net/Evidence/12-a-summary-of-where-chinese-sailors-and-concubines-of-zheng-he%e2%80%99s-fleets-landed-in-the-americas/,12 A summary of where Chinese sailors and concubines of Zheng He's fleets landed in the Americas - Gavin MenziesGavin Menzies,10_part_vii_genetic_legacy,12,12
10_Chapter013_The_Voyage_Of_Zhou_Man_The_Genetic_Legac_013_69b6,https://www.gavinmenzies.net/Evidence/13-the-voyage-of-zhou-man-the-genetic-legacy-summarised/,13 The Voyage of Zhou Man: The Genetic Legacy Summarised - Gavin MenziesGavin Menzies,10_part_vii_genetic_legacy,13,13
10_Chapter014_Descendants_Of_Settlers_From_Zheng_He_E2_014_ea9a,https://www.gavinmenzies.net/Evidence/14-descendants-of-settlers-from-zheng-he%e2%80%99s-fleets-who-remain-today-c-43-peoples/,14 Descendants of Settlers from Zheng He's fleets who remain today (c. 43 peoples) - Gavin MenziesGavin Menzies,10_part_vii_genetic_legacy,14,14
10_Chapter015_Dna_Evidence_Of_Haida_And_Aleut_Peoples_015_4f46,https://www.gavinmenzies.net/Evidence/15-dna-evidence-of-haida-and-aleut-peoples/,15 DNA Evidence of Haida and Aleut Peoples - Gavin MenziesGavin Menzies,10_part_vii_genetic_legacy,15,15
10_Chapter016_Dna_Evidence_Of_Maidu_Yuki_Pima_And_Wint_016_402f,https://www.gavinmenzies.net/Evidence/16-dna-evidence-of-maidu-yuki-pima-and-wintun-peoples-of-california/,"16 DNA Evidence of Maidu, Yuki , Pima and Wintun Peoples of California - Gavin MenziesGavin Menzies",10_part_vii_genetic_legacy,16,16
10_Chapter017_Dna_Evidence_Of_Gallinomero_Speaking_Peo_017_7b5c,https://www.gavinmenzies.net/Evidence/17-dna-evidence-of-gallinomero-speaking-people-of-healdsburg-california/,"17 DNA Evidence of Gallinomero-speaking people of Healdsburg, California - Gavin MenziesGavin Menzies",10_part_vii_genetic_legacy,17,17
10_Chapter018_Dna_Evidence_Of_Concow_People_Of_Chico_S_018_5a69,https://www.gavinmenzies.net/Evidence/18-dna-evidence-of-concow-people-of-chico-sacramento-river-california/,"18 DNA Evidence of Concow people of Chico (Sacramento River, California) - Gavin MenziesGavin Menzies",10_part_vii_genetic_legacy,18,18
10_Chapter019_Dna_Evidence_Of_Navajo_People_And_Apache_019_a1d6,https://www.gavinmenzies.net/Evidence/19-dna-evidence-of-navajo-people-and-apache-people/,19 DNA Evidence of Navajo People and Apache people - Gavin MenziesGavin Menzies,10_part_vii_genetic_legacy,19,19
10_Chapter020_Dna_Evidence_Of_Mazatec_People_Of_Mexico_020_b618,https://www.gavinmenzies.net/Evidence/20-dna-evidence-of-mazatec-people-of-mexico-olmec-culture/,20 DNA Evidence of Mazatec People of Mexico (Olmec culture) - Gavin MenziesGavin Menzies,10_part_vii_genetic_legacy,20,20
10_Chapter021_Dna_Evidence_Campeche_And_Buctzotz_Maya__021_4bb6,https://www.gavinmenzies.net/Evidence/21-dna-evidence-campeche-and-buctzotz-maya-peoples/,21 DNA Evidence Campeche and Buctzotz Maya Peoples - Gavin MenziesGavin Menzies,10_part_vii_genetic_legacy,21,21
10_Chapter022_Dna_Evidence_Waunana_And_Ngobe_Peoples_O_022_682f,https://www.gavinmenzies.net/Evidence/22-dna-evidence-waunana-and-ngobe-peoples-of-panama/,22 DNA Evidence Waunana and Ngobe Peoples of Panama - Gavin MenziesGavin Menzies,10_part_vii_genetic_legacy,22,22
10_Chapter023_Dna_Evidence_Of_Moskoke_Alternative_Spel_023_82da,https://www.gavinmenzies.net/Evidence/23-dna-evidence-of-moskoke-alternative-spelling-muskogee-peoples-of-s-e-usa-and-n-w-florida/,23 DNA Evidence of Moskoke (alternative spelling Muskogee) Peoples of S E USA and N W Florida - Gavin MenziesGavin Menzies,10_part_vii_genetic_legacy,23,23
10_Chapter024_Dna_Evidence_Of_Sioux_And_Cree_Ojibwa_Pe_024_33fd,https://www.gavinmenzies.net/Evidence/24-dna-evidence-of-sioux-and-cree-ojibwa-peoples-of-america-and-canada/,24 DNA Evidence of Sioux and Cree Ojibwa Peoples of America and Canada - Gavin MenziesGavin Menzies,10_part_vii_genetic_legacy,24,24
10_Chapter025_Dna_Evidence_Of_Ming_Ho_Peoples_Of_W_Vir_025_1b14,https://www.gavinmenzies.net/Evidence/25-dna-evidence-of-ming-ho-peoples-of-w-virginia-please-refer-to-appendix-19/,25 DNA Evidence of Ming Ho Peoples of W. Virginia (please refer to Appendix 19) - Gavin MenziesGavin Menzies,10_part_vii_genetic_legacy,25,25
10_Chapter026_Dna_Evidence_Of_Shawnee_Peoples_Of_The_C_026_036e,https://www.gavinmenzies.net/Evidence/26-dna-evidence-of-shawnee-peoples-of-the-carolinas/,26 DNA Evidence of Shawnee peoples of the Carolinas - Gavin MenziesGavin Menzies,10_part_vii_genetic_legacy,26,26
10_Chapter027_Dna_Evidence_Of_Indian_Peoples_Of_Venezu_027_a971,https://www.gavinmenzies.net/Evidence/27-dna-evidence-of-indian-peoples-of-venezuela-and-colombia-irapa-paraujano-and-macoita/,"27 DNA Evidence of Indian Peoples of Venezuela and Colombia-Irapa, Paraujano and Macoita - Gavin MenziesGavin Menzies",10_part_vii_genetic_legacy,27,27
10_Chapter028_Dna_Evidence_Of_Surui_People_Of_Amazonia_028_6766,https://www.gavinmenzies.net/Evidence/28-dna-evidence-of-surui-people-of-amazonia-solimoesrio-negro-junction/,"28 DNA Evidence of Surui People of Amazonia, Solimoes/Rio Negro Junction - Gavin MenziesGavin Menzies",10_part_vii_genetic_legacy,28,28
10_Chapter029_Dna_Evidence_Of_Quechua_People_Boliviama_029_82a0,https://www.gavinmenzies.net/Evidence/29-dna-evidence-of-quechua-people-boliviamato-grosso-borders-and-toba-n-w-argentina-salado-river/,"29 DNA Evidence of Quechua People (Bolivia/Mato Grosso Borders) and Toba (N W Argentina, Salado River) - Gavin MenziesGavin Menzies",10_part_vii_genetic_legacy,29,29
10_Chapter030_Dna_Evidence_Inca_People_Of_Ecuador_030_3e3e,https://www.gavinmenzies.net/Evidence/30-dna-evidence-inca-people-of-ecuador/,30 DNA Evidence Inca People of Ecuador - Gavin MenziesGavin Menzies,10_part_vii_genetic_legacy,30,30
10_Chapter031_Dna_Evidence_Of_Maori_Peoples_Of_New_Zea_031_0ee8,https://www.gavinmenzies.net/Evidence/31-dna-evidence-of-maori-peoples-of-new-zealand/,31 DNA Evidence of Maori Peoples of New Zealand - Gavin MenziesGavin Menzies,10_part_vii_genetic_legacy,31,31
10_Chapter032_Dna_Evidence_Of_Waitaha_People_Of_New_Ze_032_ffc1,https://www.gavinmenzies.net/Evidence/32-dna-evidence-of-waitaha-people-of-new-zealand-south-island-%e2%80%93-tananaui/,32 DNA Evidence of Waitaha people of New Zealand South Island - Tananaui - Gavin MenziesGavin Menzies,10_part_vii_genetic_legacy,32,32
10_Chapter033_Dna_Evidence_Of_Gunditjmara_Aborigines_O_033_1fa2,https://www.gavinmenzies.net/Evidence/33-dna-evidence-of-gunditjmara-aborigines-of-victoria-s-australia/,"33 DNA Evidence of Gunditjmara Aborigines of Victoria, S. Australia - Gavin MenziesGavin Menzies",10_part_vii_genetic_legacy,33,33
10_Chapter034_Dna_Evidence_Of_Nyungah_Aboriginal_Peopl_034_b2d4,https://www.gavinmenzies.net/Evidence/34-dna-evidence-of-nyungah-aboriginal-people-of-broome-and-perth/,34 DNA Evidence of Nyungah Aboriginal people of Broome and Perth - Gavin MenziesGavin Menzies,10_part_vii_genetic_legacy,34,34
10_Chapter035_Dna_Evidence_Of_Aboriginal_People_Of_Dar_035_df0b,https://www.gavinmenzies.net/Evidence/35-dna-evidence-of-aboriginal-people-of-darwin-australia/,"35 DNA Evidence of Aboriginal people of Darwin, Australia - Gavin MenziesGavin Menzies",10_part_vii_genetic_legacy,35,35
10_Chapter036_Dna_Evidence_Of_Aboriginal_People_Of_Fra_036_0580,https://www.gavinmenzies.net/Evidence/36-dna-evidence-of-aboriginal-people-of-fraser-island/,36 DNA Evidence of Aboriginal people of Fraser Island - Gavin MenziesGavin Menzies,10_part_vii_genetic_legacy,36,36
10_Chapter037_Dna_Evidence_Of_Pate_Islanders_Of_East_A_037_4cd3,https://www.gavinmenzies.net/Evidence/37-dna-evidence-of-pate-islanders-of-east-africa/,37 DNA Evidence of Pate Islanders of East Africa - Gavin MenziesGavin Menzies,10_part_vii_genetic_legacy,37,37
10_Chapter038_Dna_Evidence_Of_Namaqua_Hottentot_People_038_3186,https://www.gavinmenzies.net/Evidence/38-dna-evidence-of-namaqua-hottentot-people/,38 DNA Evidence of Namaqua Hottentot People - Gavin MenziesGavin Menzies,10_part_vii_genetic_legacy,38,38
10_Chapter039_Dna_Evidence_Of_Hawaiian_People_And_The__039_9df8,https://www.gavinmenzies.net/Evidence/39-dna-evidence-of-hawaiian-people-and-the-people-of-guam/,39 DNA Evidence of Hawaiian People and the People of Guam - Gavin MenziesGavin Menzies,10_part_vii_genetic_legacy,39,39
10_Chapter040_Dna_Evidence_Of_Yuchis_E2_80_93_E2_80_9C_040_2c58,https://www.gavinmenzies.net/Evidence/40-dna-evidence-of-yuchis-%e2%80%93-%e2%80%9cthe-white-indians-of-georgia%e2%80%9d/,"40 DNA Evidence of Yuchis - """"The White Indians of Georgia"""" - Gavin MenziesGavin Menzies",10_part_vii_genetic_legacy,40,40
10_Chapter041_Dna_Evidence_Of_Peoples_Of_The_Azores_041_bc27,https://www.gavinmenzies.net/Evidence/41-dna-evidence-of-peoples-of-the-azores/,41 DNA Evidence of Peoples of the Azores - Gavin MenziesGavin Menzies,10_part_vii_genetic_legacy,41,41
10_Chapter042_Dna_Evidence_Of_Miskito_And_Sumo_Also_Sp_042_c830,https://www.gavinmenzies.net/Evidence/42-dna-evidence-of-miskito-and-sumo-also-spelt-suma-indians-of-nicaragua/,42 DNA Evidence of Miskito and Sumo (also spelt Suma) Indians of Nicaragua - Gavin MenziesGavin Menzies,10_part_vii_genetic_legacy,42,42
11_Chapter001_Analysis_Of_Mortar_And_Cement_001_7c1f,https://www.gavinmenzies.net/Evidence/1-analysis-of-mortar-and-cement/,1 Analysis of Mortar and Cement - Gavin MenziesGavin Menzies,11_part_viii_work_in_progress,1,1
11_Chapter002_Ship_Construction_002_faf5,https://www.gavinmenzies.net/Evidence/2-ship-construction/,2 Ship Construction - Gavin MenziesGavin Menzies,11_part_viii_work_in_progress,2,2
11_Chapter003_Dna_003_42aa,https://www.gavinmenzies.net/Evidence/3-dna/,3 DNA - Gavin MenziesGavin Menzies,11_part_viii_work_in_progress,3,3
11_Chapter004_The_Quest_To_Find_The_Master_Chart_Of_Th_004_d5d1,https://www.gavinmenzies.net/Evidence/4-the-quest-to-find-the-master-chart-of-the-world/,4 The Quest to find the Master Chart of The World - Gavin MenziesGavin Menzies,11_part_viii_work_in_progress,4,4
11_Chapter005_Moctezuma_E2_80_99S_Zoo_005_e28e,https://www.gavinmenzies.net/Evidence/5-moctezuma%e2%80%99s-zoo/,5 Moctezuma's Zoo - Gavin MenziesGavin Menzies,11_part_viii_work_in_progress,5,5
11_Chapter006_Evidence_Of_The_Comet_Impact_At_48_C2_Ba_006_b3fd,https://www.gavinmenzies.net/Evidence/6-evidence-of-the-comet-impact-at-48%c2%bas-166%c2%ba-e-and-the-resultant-tsunami/,"6 Evidence of the Comet Impact at 48ºS, 166º E, and the resultant Tsunami - Gavin MenziesGavin Menzies",11_part_viii_work_in_progress,6,6
11_Chapter007_Zheng_He_And_The_Italian_Renaissance_007_2bb4,https://www.gavinmenzies.net/Evidence/7-zheng-he-and-the-italian-renaissance/,7 Zheng He and the Italian Renaissance - Gavin MenziesGavin Menzies,11_part_viii_work_in_progress,7,7
11_Chapter008_A_Chinese_Junk_In_The_Great_Dismal_Swamp_008_98cf,https://www.gavinmenzies.net/Evidence/8-a-chinese-junk-in-the-great-dismal-swamp-gm-memo-13th-march-2006/,8 A Chinese junk in the Great Dismal Swamp - GM Memo 13th March 2006 - Gavin MenziesGavin Menzies,11_part_viii_work_in_progress,8,8
12_Chapter001_Rosa_Mui_And_Paul_Dong_Ancient_Chinese_A_001_9321,https://www.gavinmenzies.net/Evidence/1-rosa-mui-and-paul-dong-ancient-chinese-astronomer-gan-de-discovered-jupiter%e2%80%99s-satellites-2000-years-earlier-than-galileo/,1 Rosa Mui and Paul Dong: Ancient Chinese Astronomer Gan De Discovered Jupiter's Satellites 2000 Years Earlier than Galileo - Gavin MenziesGavin Menzies,12_part_ix_independent_research,1,1
12_Chapter002_Chinese_Herbal_Medicine_Mackay_Rippey_002_66c1,https://www.gavinmenzies.net/Evidence/2-chinese-herbal-medicine-mackay-rippey/,2 Chinese Herbal Medicine - Mackay Rippey - Gavin MenziesGavin Menzies,12_part_ix_independent_research,2,2
12_Chapter003_Professor_Zhiqiang_Zhang_Zheng_He_Reache_003_ad40,https://www.gavinmenzies.net/Evidence/3-professor-zhiqiang-zhang-zheng-he-reached-australia-translation-by-juntao-li/,3 Professor Zhiqiang Zhang - Zheng He reached Australia. Translation by Juntao Li - Gavin MenziesGavin Menzies,12_part_ix_independent_research,3,3
12_Chapter004_Mark_Nickless_Piasa_Bird_Monster_004_9494,https://www.gavinmenzies.net/Evidence/4-mark-nickless-piasa-bird-monster/,4 Mark Nickless - Piasa Bird Monster - Gavin MenziesGavin Menzies,12_part_ix_independent_research,4,4
12_Chapter005_Mr_Lam_Yee_Din_A_Third_Research_On_The_D_005_21bf,https://www.gavinmenzies.net/Evidence/5-mr-lam-yee-din-a-third-research-on-the-discovery-of-america-by-zheng-he%e2%80%99s-fleet/,5 Mr Lam Yee Din - A Third Research on the Discovery of America by Zheng He's fleet - Gavin MenziesGavin Menzies,12_part_ix_independent_research,5,5
12_Chapter006_Similarities_Between_Chinese_Medicine_An_006_b5ab,https://www.gavinmenzies.net/Evidence/6-similarities-between-chinese-medicine-and-mayan-healing-antonia-bowen-jones/,6 Similarities between Chinese Medicine and Mayan Healing - Antonia Bowen-Jones - Gavin MenziesGavin Menzies,12_part_ix_independent_research,6,6
12_Chapter007_History_Of_Some_Native_American_Tribes_W_007_aa01,https://www.gavinmenzies.net/Evidence/7-history-of-some-native-american-tribes-which-have-chinese-dna-antonia-bowen-jones/,7 History of some Native American Tribes which have 'Chinese' DNA - Antonia Bowen-Jones - Gavin MenziesGavin Menzies,12_part_ix_independent_research,7,7
12_Chapter008_Anatole_Andro_The_1421_Heresy_008_631b,https://www.gavinmenzies.net/Evidence/8-anatole-andro-the-1421-heresy/,8 Anatole Andro - The 1421 Heresy - Gavin MenziesGavin Menzies,12_part_ix_independent_research,8,8
12_Chapter009_Dr_Gunnar_Thompson_Www_Marcopolovoyages__009_91b0,https://www.gavinmenzies.net/Evidence/9-dr-gunnar-thompson-www-marcopolovoyages-com/,9 Dr. Gunnar Thompson - www.marcopoloinseattle.com - Gavin MenziesGavin Menzies,12_part_ix_independent_research,9,9
12_Chapter010_Knowledge_Of_The_Spherical_Earth_Centere_010_d0cd,https://www.gavinmenzies.net/Evidence/10-knowledge-of-the-spherical-earth-centered-on-the-sun-gunnar-thompson-ph-d/,"10 Knowledge of the Spherical Earth Centered on the Sun -Gunnar Thompson, Ph.D. - Gavin MenziesGavin Menzies",12_part_ix_independent_research,10,10
12_Chapter012_John_H_Ruskamp_And_John_A_Ruskamp_Jr_Chi_011_4e74,https://www.gavinmenzies.net/Evidence/12-john-h-ruskamp-and-john-a-ruskamp-jr-chinese-influence-in-north-america/,12 John H. Ruskamp and John A. Ruskamp Jr. - Chinese influence in North America - Gavin MenziesGavin Menzies,12_part_ix_independent_research,11,12
12_Chapter013_Prof_Han_Zheng_Hua_Nanhai_A_Chinese_Terr_012_36a4,https://www.gavinmenzies.net/Evidence/13-prof-han-zheng-hua-nanhai-a-chinese-territory-boundary-as-surveyed-by-the-%e2%80%9cfour-seas-sunshadow/,"13 Prof. Han Zheng Hua - Nanhai, a Chinese territory boundary as surveyed by the """"Four Seas Sunshadow - Gavin MenziesGavin Menzies",12_part_ix_independent_research,12,13
13_Chapter001_Introduction_001_90b4,https://www.gavinmenzies.net/Evidence/1-introduction/,1 Introduction - Gavin MenziesGavin Menzies,13_independent_cedric_bells_survey,1,1
13_Chapter002_Map_Geographical_Representation_Of_Evide_002_ff9d,https://www.gavinmenzies.net/Evidence/2-map-geographical-representation-of-evidence/,2 Map - Geographical representation of evidence - Gavin MenziesGavin Menzies,13_independent_cedric_bells_survey,2,2
13_Chapter003_Slab_Hut_Creek_Near_Reefton_003_6c01,https://www.gavinmenzies.net/Evidence/3-slab-hut-creek-near-reefton/,"3 Slab Hut Creek, near Reefton - Gavin MenziesGavin Menzies",13_independent_cedric_bells_survey,3,3
13_Chapter004_Lyttleton_Harbour_Christchurch_004_8806,https://www.gavinmenzies.net/Evidence/4-lyttleton-harbour-christchurch/,"4 Lyttleton Harbour, Christchurch - Gavin MenziesGavin Menzies",13_independent_cedric_bells_survey,4,4
13_Chapter005_Lyttleton_Image_Gallery_005_99f8,https://www.gavinmenzies.net/Evidence/5-lyttleton-image-gallery/,5 Lyttleton image gallery - Gavin MenziesGavin Menzies,13_independent_cedric_bells_survey,5,5
13_Chapter006_Banks_Peninsula_Introduction_006_9763,https://www.gavinmenzies.net/Evidence/6-banks-peninsula-introduction/,6 BANKS PENINSULA: Introduction - Gavin MenziesGavin Menzies,13_independent_cedric_bells_survey,6,6
13_Chapter007_Banks_Peninsula_Onuku_007_a468,https://www.gavinmenzies.net/Evidence/7-banks-peninsula-onuku/,7 BANKS PENINSULA: Onuku - Gavin MenziesGavin Menzies,13_independent_cedric_bells_survey,7,7
13_Chapter008_Banks_Peninsula_Akaroa_008_c12a,https://www.gavinmenzies.net/Evidence/8-banks-peninsula-akaroa/,8 BANKS PENINSULA: Akaroa - Gavin MenziesGavin Menzies,13_independent_cedric_bells_survey,8,8
13_Chapter009_Banks_Peninsula_Akaroa_Image_Gallery_009_7e40,https://www.gavinmenzies.net/Evidence/9-banks-peninsula-akaroa-image-gallery/,9 BANKS PENINSULA: Akaroa Image Gallery - Gavin MenziesGavin Menzies,13_independent_cedric_bells_survey,9,9
13_Chapter010_Banks_Peninsula_Flea_Bay_010_7d04,https://www.gavinmenzies.net/Evidence/10-banks-peninsula-flea-bay/,10 BANKS PENINSULA: Flea Bay - Gavin MenziesGavin Menzies,13_independent_cedric_bells_survey,10,10
13_Chapter011_Banks_Peninsula_Flea_Bay_Image_Gallery_011_481d,https://www.gavinmenzies.net/Evidence/11-banks-peninsula-flea-bay-image-gallery/,11 BANKS PENINSULA: Flea Bay Image Gallery - Gavin MenziesGavin Menzies,13_independent_cedric_bells_survey,11,11
13_Chapter012_Banks_Peninsula_Stony_Bay_012_9c30,https://www.gavinmenzies.net/Evidence/12-banks-peninsula-stony-bay/,12 BANKS PENINSULA: Stony Bay - Gavin MenziesGavin Menzies,13_independent_cedric_bells_survey,12,12
13_Chapter013_Banks_Peninsula_Stony_Bay_Image_Gallery_013_55f3,https://www.gavinmenzies.net/Evidence/13-banks-peninsula-stony-bay-image-gallery/,13 BANKS PENINSULA: Stony Bay Image Gallery - Gavin MenziesGavin Menzies,13_independent_cedric_bells_survey,13,13
13_Chapter014_Banks_Peninsula_Otanerito_Bay_014_8080,https://www.gavinmenzies.net/Evidence/14-banks-peninsula-otanerito-bay/,14 BANKS PENINSULA: Otanerito Bay - Gavin MenziesGavin Menzies,13_independent_cedric_bells_survey,14,14
13_Chapter015_Banks_Peninsula_Otanerito_Bay_Image_Gall_015_1f28,https://www.gavinmenzies.net/Evidence/15-banks-peninsula-otanerito-bay-image-gallery/,15 BANKS PENINSULA: Otanerito Bay Image Gallery - Gavin MenziesGavin Menzies,13_independent_cedric_bells_survey,15,15
13_Chapter016_Banks_Peninsula_Okains_Bay_016_7bbd,https://www.gavinmenzies.net/Evidence/16-banks-peninsula-okains-bay/,16 BANKS PENINSULA: Okains Bay - Gavin MenziesGavin Menzies,13_independent_cedric_bells_survey,16,16
13_Chapter017_Banks_Peninsula_Okains_Bay_Image_Gallery_017_9096,https://www.gavinmenzies.net/Evidence/17-banks-peninsula-okains-bay-image-gallery/,17 BANKS PENINSULA: Okains Bay Image Gallery - Gavin MenziesGavin Menzies,13_independent_cedric_bells_survey,17,17
13_Chapter018_Banks_Peninsula_Le_Bons_Bay_018_447a,https://www.gavinmenzies.net/Evidence/18-banks-peninsula-le-bons-bay/,18 BANKS PENINSULA: Le Bons Bay - Gavin MenziesGavin Menzies,13_independent_cedric_bells_survey,18,18
13_Chapter019_Banks_Peninsula_Le_Bons_Bay_Image_Gallery_019_4feb,https://www.gavinmenzies.net/Evidence/19-banks-peninsula-le-bons-bay-image-gallery/,19 BANKS PENINSULA: Le Bons Bay image gallery - Gavin MenziesGavin Menzies,13_independent_cedric_bells_survey,19,19
13_Chapter020_The_Catlins_Introduction_020_9150,https://www.gavinmenzies.net/Evidence/20-the-catlins-introduction/,20 THE CATLINS: Introduction - Gavin MenziesGavin Menzies,13_independent_cedric_bells_survey,20,20
13_Chapter021_The_Catlins_Cannibal_Bay_021_4d69,https://www.gavinmenzies.net/Evidence/21-the-catlins-cannibal-bay/,21 THE CATLINS: Cannibal Bay - Gavin MenziesGavin Menzies,13_independent_cedric_bells_survey,21,21
13_Chapter022_The_Catlins_Kaka_Point_022_e908,https://www.gavinmenzies.net/Evidence/22-the-catlins-kaka-point/,22 THE CATLINS: Kaka Point - Gavin MenziesGavin Menzies,13_independent_cedric_bells_survey,22,22
13_Chapter023_The_Catlins_Surat_Bay_023_ddd8,https://www.gavinmenzies.net/Evidence/23-the-catlins-surat-bay/,23 THE CATLINS: Surat Bay - Gavin MenziesGavin Menzies,13_independent_cedric_bells_survey,23,23
13_Chapter024_The_Catlins_Surat_Bay_Image_Gallery_024_cf72,https://www.gavinmenzies.net/Evidence/24-the-catlins-surat-bay-image-gallery/,24 THE CATLINS: Surat Bay Image Gallery - Gavin MenziesGavin Menzies,13_independent_cedric_bells_survey,24,24
13_Chapter025_The_Catlins_Papatowai_025_d9b6,https://www.gavinmenzies.net/Evidence/25-the-catlins-papatowai/,25 THE CATLINS: Papatowai - Gavin MenziesGavin Menzies,13_independent_cedric_bells_survey,25,25
13_Chapter026_The_Catlins_Papatowai_Image_Gallery_026_54e8,https://www.gavinmenzies.net/Evidence/26-the-catlins-papatowai-image-gallery/,26 THE CATLINS: Papatowai Image Gallery - Gavin MenziesGavin Menzies,13_independent_cedric_bells_survey,26,26
13_Chapter027_The_Catlins_Tahakopa_Image_Gallery_027_0b76,https://www.gavinmenzies.net/Evidence/27-the-catlins-tahakopa-image-gallery/,27 THE CATLINS: Tahakopa Image Gallery - Gavin MenziesGavin Menzies,13_independent_cedric_bells_survey,27,27
13_Chapter028_The_Catlins_Cathedral_Caves_028_dd97,https://www.gavinmenzies.net/Evidence/28-the-catlins-cathedral-caves/,28 THE CATLINS: Cathedral Caves - Gavin MenziesGavin Menzies,13_independent_cedric_bells_survey,28,28
13_Chapter029_The_Catlins_Cathedral_Caves_Image_Gallery_029_166c,https://www.gavinmenzies.net/Evidence/29-the-catlins-cathedral-caves-image-gallery/,29 THE CATLINS: Cathedral Caves Image Gallery - Gavin MenziesGavin Menzies,13_independent_cedric_bells_survey,29,29
13_Chapter030_The_Catlins_Porpoise_Bay_030_7bd4,https://www.gavinmenzies.net/Evidence/30-the-catlins-porpoise-bay/,30 THE CATLINS: Porpoise Bay - Gavin MenziesGavin Menzies,13_independent_cedric_bells_survey,30,30
13_Chapter031_Dunedin_031_2aed,https://www.gavinmenzies.net/Evidence/31-dunedin/,31 Dunedin - Gavin MenziesGavin Menzies,13_independent_cedric_bells_survey,31,31
13_Chapter032_Otago_Peninsula_032_3efe,https://www.gavinmenzies.net/Evidence/32-otago-peninsula/,32 Otago Peninsula - Gavin MenziesGavin Menzies,13_independent_cedric_bells_survey,32,32
13_Chapter033_Dunedin_Botanical_Gardens_033_0df9,https://www.gavinmenzies.net/Evidence/33-dunedin-botanical-gardens/,33 Dunedin Botanical Gardens - Gavin MenziesGavin Menzies,13_independent_cedric_bells_survey,33,33
13_Chapter034_Dunedin_Image_Gallery_034_addf,https://www.gavinmenzies.net/Evidence/34-dunedin-image-gallery/,34 Dunedin image gallery - Gavin MenziesGavin Menzies,13_independent_cedric_bells_survey,34,34
13_Chapter035_Moeraki_Beach_South_Island_New_Zealand_035_8b17,https://www.gavinmenzies.net/Evidence/35-moeraki-beach-south-island-new-zealand/,"35 Moeraki Beach, South Island, New Zealand - Gavin MenziesGavin Menzies",13_independent_cedric_bells_survey,35,35
13_Chapter036_Moeraki_Image_Gallery_036_f0b9,https://www.gavinmenzies.net/Evidence/36-moeraki-image-gallery/,36 Moeraki image gallery - Gavin MenziesGavin Menzies,13_independent_cedric_bells_survey,36,36
13_Chapter037_Oamaru_037_6f70,https://www.gavinmenzies.net/Evidence/37-oamaru/,37 Oamaru - Gavin MenziesGavin Menzies,13_independent_cedric_bells_survey,37,37
13_Chapter038_Waitaki_River_038_da81,https://www.gavinmenzies.net/Evidence/38-waitaki-river/,38 Waitaki River - Gavin MenziesGavin Menzies,13_independent_cedric_bells_survey,38,38
13_Chapter039_Shag_Point_039_4850,https://www.gavinmenzies.net/Evidence/39-shag-point/,39 Shag Point - Gavin MenziesGavin Menzies,13_independent_cedric_bells_survey,39,39
13_Chapter040_Shag_Point_Image_Gallery_040_8d5e,https://www.gavinmenzies.net/Evidence/40-shag-point-image-gallery/,40 Shag Point image gallery - Gavin MenziesGavin Menzies,13_independent_cedric_bells_survey,40,40
13_Chapter041_Katiki_Beach_041_aa93,https://www.gavinmenzies.net/Evidence/41-katiki-beach/,41 Katiki Beach - Gavin MenziesGavin Menzies,13_independent_cedric_bells_survey,41,41
13_Chapter042_Katiki_Beach_Image_Gallery_042_0666,https://www.gavinmenzies.net/Evidence/42-katiki-beach-image-gallery/,42 Katiki Beach image gallery - Gavin MenziesGavin Menzies,13_independent_cedric_bells_survey,42,42
13_Chapter043_Rakaia_To_Ellesmere_043_9ad9,https://www.gavinmenzies.net/Evidence/43-rakaia-to-ellesmere/,43 Rakaia to Ellesmere - Gavin MenziesGavin Menzies,13_independent_cedric_bells_survey,43,43
13_Chapter044_Rakaia_Huts_Image_Gallery_044_732e,https://www.gavinmenzies.net/Evidence/44-rakaia-huts-image-gallery/,44 Rakaia Huts Image Gallery - Gavin MenziesGavin Menzies,13_independent_cedric_bells_survey,44,44
13_Chapter045_Christchurch_South_Island_New_Zealand_045_f8e0,https://www.gavinmenzies.net/Evidence/45-christchurch-south-island-new-zealand/,"45 Christchurch, South Island, New Zealand - Gavin MenziesGavin Menzies",13_independent_cedric_bells_survey,45,45
13_Chapter046_Christchurch_Image_Gallery_046_19aa,https://www.gavinmenzies.net/Evidence/46-christchurch-image-gallery/,46 Christchurch image gallery - Gavin MenziesGavin Menzies,13_independent_cedric_bells_survey,46,46
13_Chapter047_Omarama_Image_Gallery_047_3e0a,https://www.gavinmenzies.net/Evidence/47-omarama-image-gallery/,47 Omarama image gallery - Gavin MenziesGavin Menzies,13_independent_cedric_bells_survey,47,47
13_Chapter048_Survey_Of_Wrecked_Junks_048_3c8f,https://www.gavinmenzies.net/Evidence/48-survey-of-wrecked-junks/,48 Survey of wrecked Junks - Gavin MenziesGavin Menzies,13_independent_cedric_bells_survey,48,48
13_Chapter049_Survey_Of_Fortified_Barrack_Blocks_049_a5b2,https://www.gavinmenzies.net/Evidence/49-survey-of-fortified-barrack-blocks/,49 Survey of Fortified Barrack Blocks - Gavin MenziesGavin Menzies,13_independent_cedric_bells_survey,49,49
13_Chapter050_Comparison_Between_The_Chinese_And_The_R_050_b22d,https://www.gavinmenzies.net/Evidence/50-comparison-between-the-chinese-and-the-romans/,50 Comparison between the Chinese and the Romans - Gavin MenziesGavin Menzies,13_independent_cedric_bells_survey,50,50
13_Chapter051_Conclusion_051_61be,https://www.gavinmenzies.net/Evidence/51-conclusion/,51 Conclusion - Gavin MenziesGavin Menzies,13_independent_cedric_bells_survey,51,51
13_Chapter052_Results_052_9f21,https://www.gavinmenzies.net/Evidence/52-results/,52 Results - Gavin MenziesGavin Menzies,13_independent_cedric_bells_survey,52,52
13_Chapter053_Bibliography_053_a53d,https://www.gavinmenzies.net/Evidence/53-bibliography/,53 Bibliography - Gavin MenziesGavin Menzies,13_independent_cedric_bells_survey,53,53
14_Chapter001_The_Waitaha_People_E2_80_93_A_Chinese_Co_001_636c,https://www.gavinmenzies.net/Evidence/1-the-waitaha-people-%e2%80%93-a-chinese-colony-that-settled-in-new-zealand-2000-years-ago/,1 The Waitaha People - a Chinese colony that settled in New Zealand 2000 years ago. - Gavin MenziesGavin Menzies,14_independent_nz_update,1,1
14_Chapter002_Ruins_May_Show_Incas_Beat_Maoris_To_New__002_c408,https://www.gavinmenzies.net/Evidence/2-ruins-may-show-incas-beat-maoris-to-new-zealand/,2 Ruins may show Incas beat Maoris to New Zealand? - Gavin MenziesGavin Menzies,14_independent_nz_update,2,2
14_Chapter003_The_Jean_Rotz_Map_003_3143,https://www.gavinmenzies.net/Evidence/3-the-jean-rotz-map/,3 The Jean Rotz Map - Gavin MenziesGavin Menzies,14_independent_nz_update,3,3
14_Chapter004_Were_The_Marlborough_Canals_Constructed__004_587a,https://www.gavinmenzies.net/Evidence/4-were-the-marlborough-canals-constructed-by-the-chinese/,4 Were the Marlborough canals constructed by the Chinese? - Gavin MenziesGavin Menzies,14_independent_nz_update,4,4
14_Chapter005_Paliser_Bay_Gardens_005_2dee,https://www.gavinmenzies.net/Evidence/5-paliser-bay-gardens/,5 Paliser Bay Gardens - Gavin MenziesGavin Menzies,14_independent_nz_update,5,5
14_Chapter006_Seagardens_006_75bc,https://www.gavinmenzies.net/Evidence/6-seagardens/,6 Seagardens - Gavin MenziesGavin Menzies,14_independent_nz_update,6,6
14_Chapter007_New_Zealand_Plants_With_A_South_American_007_b34b,https://www.gavinmenzies.net/Evidence/7-new-zealand-plants-with-a-south-american-or-asian-connection/,7 New Zealand Plants with a South American or Asian Connection - Gavin MenziesGavin Menzies,14_independent_nz_update,7,7
14_Chapter008_Kune_Kune_Pigs_How_Did_They_Get_To_New_Z_008_3cc9,https://www.gavinmenzies.net/Evidence/8-kune-kune-pigs-how-did-they-get-to-new-zealand/,8 Kune Kune Pigs - How did they get to New Zealand? - Gavin MenziesGavin Menzies,14_independent_nz_update,8,8
14_Chapter009_The_Flightless_Campbell_Island_Teal_Anas_009_638d,https://www.gavinmenzies.net/Evidence/9-the-flightless-campbell-island-teal-anas-nesiotis-how-did-it-get-there/,9 The Flightless Campbell Island Teal (Anas nesiotis) - How did it get there? - Gavin MenziesGavin Menzies,14_independent_nz_update,9,9
14_Chapter010_Otter_Sightings_In_New_Zealand_010_7896,https://www.gavinmenzies.net/Evidence/10-otter-sightings-in-new-zealand/,10 Otter Sightings in New Zealand - Gavin MenziesGavin Menzies,14_independent_nz_update,10,10
14_Chapter011_Arrival_Of_Rats_In_New_Zealand_2000Yrs_Bp_011_1661,https://www.gavinmenzies.net/Evidence/11-arrival-of-rats-in-new-zealand-2000yrs-bp/,11 Arrival of Rats in New Zealand 2000yrs BP - Gavin MenziesGavin Menzies,14_independent_nz_update,11,11
14_Chapter012_Evidence_Of_Similarities_In_Asian_And_Ne_012_a8ea,https://www.gavinmenzies.net/Evidence/12-evidence-of-similarities-in-asian-and-new-zealand-art-work-global-totems/,12 Evidence of Similarities in Asian and New Zealand Art Work - Global totems - Gavin MenziesGavin Menzies,14_independent_nz_update,12,12
14_Chapter013_Chinese_Pyramids_In_New_Zealand_013_3b58,https://www.gavinmenzies.net/Evidence/13-chinese-pyramids-in-new-zealand/,13 Chinese pyramids in New Zealand? - Gavin MenziesGavin Menzies,14_independent_nz_update,13,13
14_Chapter014_The_Moeraki_Boulders_Man_Made_Spheres_Us_014_c3f9,https://www.gavinmenzies.net/Evidence/14-the-moeraki-boulders-man-made-spheres-used-on-chinese-junks/,14 The Moeraki Boulders: man-made spheres used on Chinese junks? - Gavin MenziesGavin Menzies,14_independent_nz_update,14,14
14_Chapter015_Chinese_Ship_Construction_015_18fd,https://www.gavinmenzies.net/Evidence/15-chinese-ship-construction/,15 Chinese ship construction - Gavin MenziesGavin Menzies,14_independent_nz_update,15,15
14_Chapter016_Chinese_Mining_Of_Iron_Greenstone_Silver_016_91d7,https://www.gavinmenzies.net/Evidence/16-chinese-mining-of-iron-greenstone-silver-and-gold-in-pre-maori-new-zealand/,"16 Chinese mining of iron, greenstone, silver and gold in pre-Maori New Zealand - Gavin MenziesGavin Menzies",14_independent_nz_update,16,16
14_Chapter017_Results_Rafter_Radiocarbon_Laboratory_R2_017_e9eb,https://www.gavinmenzies.net/Evidence/17-results-rafter-radiocarbon-laboratory-r282351/,17 Results: Rafter Radiocarbon Laboratory - R28235/1 - Gavin MenziesGavin Menzies,14_independent_nz_update,17,17
14_Chapter018_Smelter_Slag_Sample_018_b2c3,https://www.gavinmenzies.net/Evidence/18-smelter-slag-sample/,18 Smelter Slag sample - Gavin MenziesGavin Menzies,14_independent_nz_update,18,18
14_Chapter019_Wood_Sample_Found_At_Tahakopa_Bay_New_Ze_019_7424,https://www.gavinmenzies.net/Evidence/19-wood-sample-found-at-tahakopa-bay-new-zealand/,"19 Wood sample found at Tahakopa Bay, New Zealand - Gavin MenziesGavin Menzies",14_independent_nz_update,19,19
14_Chapter020_Shell_Sample_Found_At_Tahakopa_Bay_New_Z_020_dac8,https://www.gavinmenzies.net/Evidence/20-shell-sample-found-at-tahakopa-bay-new-zealand/,"20 Shell sample found at Tahakopa Bay, New Zealand - Gavin MenziesGavin Menzies",14_independent_nz_update,20,20
14_Chapter021_New_Zealand_Radiocarbon_Database_Reports_021_6ae9,https://www.gavinmenzies.net/Evidence/21-new-zealand-radiocarbon-database-reports-on-pre-maori-human-bones/,21 New Zealand Radiocarbon Database Reports on pre-Maori Human Bones - Gavin MenziesGavin Menzies,14_independent_nz_update,21,21
14_Chapter022_New_Zealand_Update_Summary_022_9db5,https://www.gavinmenzies.net/Evidence/22-new-zealand-update-summary/,22 New Zealand Update Summary - Gavin MenziesGavin Menzies,14_independent_nz_update,22,22
15_Chapter001_Alaska_And_The_Bering_Straits_Local_Supp_001_db78,https://www.gavinmenzies.net/Evidence/1-alaska-and-the-bering-straits-local-support/,1 Alaska and the Bering Straits Local Support - Gavin MenziesGavin Menzies,15_independent_alaska,1,1
15_Chapter002_My_Questions_For_Alaskans_002_1f1f,https://www.gavinmenzies.net/Evidence/2-my-questions-for-alaskans/,2 My questions for Alaskans - Gavin MenziesGavin Menzies,15_independent_alaska,2,2
15_Chapter003_Note_From_Reader_Concerning_Native_Ameri_003_c1a7,https://www.gavinmenzies.net/Evidence/3-note-from-reader-concerning-native-americans/,3 Note from reader concerning Native Americans - Gavin MenziesGavin Menzies,15_independent_alaska,3,3
17_Chapter001_Evidence_Of_Ming_Era_Exploration_In_The__001_dd24,https://www.gavinmenzies.net/Evidence/1-evidence-of-ming-era-exploration-in-the-central-mississippi-valley/,1 Evidence of Ming-Era Exploration In the Central Mississippi Valley - Gavin MenziesGavin Menzies,17_independent_piasa,1,1
17_Chapter002_The_Illustrated_Mississippi_Valley_002_fc0e,https://www.gavinmenzies.net/Evidence/2-the-illustrated-mississippi-valley/,2 The Illustrated Mississippi Valley - Gavin MenziesGavin Menzies,17_independent_piasa,2,2
17_Chapter003_Two_Monsters_003_686a,https://www.gavinmenzies.net/Evidence/3-two-monsters/,3 Two Monsters - Gavin MenziesGavin Menzies,17_independent_piasa,3,3
17_Chapter004_The_Lewis_Depiction_Clearly_Shows_A_Crea_004_48be,https://www.gavinmenzies.net/Evidence/4-the-lewis-depiction-clearly-shows-a-creature-with-scales/,4 The Lewis depiction clearly shows a creature with scales - Gavin MenziesGavin Menzies,17_independent_piasa,4,4
17_Chapter005_Several_Pieces_Of_Evidence_In_Lewis_E2_8_005_47b4,https://www.gavinmenzies.net/Evidence/5-several-pieces-of-evidence-in-lewis%e2%80%99-painting-can-be-found-outside-of-the-lung-motif-itself-in-the-surrounding-limestone/,"5 Several pieces of evidence in Lewis' painting can be found outside of the lung motif itself, in the surrounding limestone - Gavin MenziesGavin Menzies",17_independent_piasa,5,5
17_Chapter006_Disease_And_Cahokia_006_6400,https://www.gavinmenzies.net/Evidence/6-disease-and-cahokia/,6 Disease and Cahokia? - Gavin MenziesGavin Menzies,17_independent_piasa,6,6
17_Chapter007_Elsah_Illinois_007_9fdb,https://www.gavinmenzies.net/Evidence/7-elsah-illinois/,"7 Elsah, Illinois - Gavin MenziesGavin Menzies",17_independent_piasa,7,7
17_Chapter008_The_Piasa_And_The_City_Of_The_Dead_Mark__008_c9be,https://www.gavinmenzies.net/Evidence/8-the-piasa-and-the-city-of-the-dead-mark-and-laurie-nickless/,8 The Piasa and the City of the Dead - Mark and Laurie Nickless - Gavin MenziesGavin Menzies,17_independent_piasa,8,8
18_Chapter001_Penetracion_Y_Mestizaje_Por_El_Rio_Atrat_001_1e0f,https://www.gavinmenzies.net/Evidence/1-penetracion-y-mestizaje-por-el-rio-atrato-adn/,1 Penetración y mestizaje por el río Atrato (ADN) - Gavin MenziesGavin Menzies,18_independent_colombia,1,1
18_Chapter002_Canal_De_La_Raspadura_Atrato_San_Juan_002_fb19,https://www.gavinmenzies.net/Evidence/2-canal-de-la-raspadura-atrato-san-juan/,2 Canal de la Raspadura (Atrato-San Juan) - Gavin MenziesGavin Menzies,18_independent_colombia,2,2
18_Chapter003_Adn_Chino_Japones_En_Colombia_Y_Venezuela_003_b8f7,https://www.gavinmenzies.net/Evidence/3-adn-chino-japones-en-colombia-y-venezuela/,3 ADN chino japonés en Colombia y Venezuela - Gavin MenziesGavin Menzies,18_independent_colombia,3,3
18_Chapter004_Planta_Que_Se_Encuentra_En_Nueva_Zelanda_004_2de4,https://www.gavinmenzies.net/Evidence/4-planta-que-se-encuentra-en-nueva-zelanda-y-colombia/,4 Planta que se encuentra en Nueva Zelanda y Colombia - Gavin MenziesGavin Menzies,18_independent_colombia,4,4
18_Chapter005_El_Golfo_De_Uraba_En_Mapas_Precolombinos_005_d389,https://www.gavinmenzies.net/Evidence/5-el-golfo-de-uraba-en-mapas-precolombinos/,5 El Golfo de Urabá en mapas precolombinos. - Gavin MenziesGavin Menzies,18_independent_colombia,5,5
18_Chapter006_Extrana_Enfermedad_Entre_Indigenas_Paece_006_a7de,https://www.gavinmenzies.net/Evidence/6-extrana-enfermedad-entre-indigenas-paeces-cauca-colombia/,"6 Extraña enfermedad entre indígenas paeces (Cauca, Colombia) - Gavin MenziesGavin Menzies",18_independent_colombia,6,6
19_Chapter001_Biography_Of_Wang_Tai_Peng_001_96ba,https://www.gavinmenzies.net/Evidence/1-biography-of-wang-tai-peng/,1 Biography of Wang Tai Peng - Gavin MenziesGavin Menzies,19_independent_wang_tai_peng,1,1
19_Chapter002_Tai_Peng_Wangs_Zheng_He_Project_Report_002_fc56,https://www.gavinmenzies.net/Evidence/2-tai-peng-wangs-zheng-he-project-report/,2 Tai Peng Wang's Zheng He Project Report - Gavin MenziesGavin Menzies,19_independent_wang_tai_peng,2,2
19_Chapter003_Tai_Peng_Wangs_Research_1433_Zheng_He_E2_003_089d,https://www.gavinmenzies.net/Evidence/3-tai-peng-wangs-research-1433-zheng-he%e2%80%99s-delegation-to-the-papal-court-of-florence/,3 Tai Peng Wang's research: 1433 - Zheng He's delegation to the Papal Court of Florence - Gavin MenziesGavin Menzies,19_independent_wang_tai_peng,3,3
19_Chapter004_Tai_Peng_Wangs_Research_Zheng_He_And_His_004_9e99,https://www.gavinmenzies.net/Evidence/4-tai-peng-wangs-research-zheng-he-and-his-envoys%e2%80%99-visits-to-cairo-in-1414-and-1433/,4 Tai Peng Wang's research: Zheng He and his envoys' visits to Cairo in 1414 and 1433 - Gavin MenziesGavin Menzies,19_independent_wang_tai_peng,4,4
19_Chapter005_Australia_As_Surveyed_By_Zheng_He_Fleet__005_ea43,https://www.gavinmenzies.net/Evidence/5-australia-as-surveyed-by-zheng-he-fleet-voyagers-before-1433-paper-delivered-in-brisbane-august-2006/,"5 Australia as surveyed by Zheng He fleet voyagers before 1433 -paper delivered in Brisbane, August 2006 - Gavin MenziesGavin Menzies",19_independent_wang_tai_peng,5,5
19_Chapter006_Tai_Peng_Wangs_Letter_To_The_Editor_Of_T_006_aedc,https://www.gavinmenzies.net/Evidence/6-tai-peng-wangs-letter-to-the-editor-of-the-austrialian-weekend/,6 Tai Peng Wang's letter to the editor of the Austrialian weekend - Gavin MenziesGavin Menzies,19_independent_wang_tai_peng,6,6
19_Chapter007_The_Most_Startling_Discovery_From_Zheng__007_ecd2,https://www.gavinmenzies.net/Evidence/7-the-most-startling-discovery-from-zheng-he%e2%80%99s-treasure-ship-shipyards-by-prof-pan-biao-and-my-response/,7 The most startling discovery from Zheng He's treasure ship shipyards by Prof. Pan Biao and my response - Gavin MenziesGavin Menzies,19_independent_wang_tai_peng,7,7
19_Chapter008_A_Tale_Of_Globalisation_In_Ancient_Asia_008_6959,https://www.gavinmenzies.net/Evidence/8-a-tale-of-globalisation-in-ancient-asia/,8 A tale of globalisation in ancient Asia - Gavin MenziesGavin Menzies,19_independent_wang_tai_peng,8,8
20_Chapter001_The_Ancient_Map_Code_001_5e71,https://www.gavinmenzies.net/Evidence/1-the-ancient-map-code/,1 The Ancient Map Code - Gavin MenziesGavin Menzies,20_independent_liu_gang,1,1
