﻿post_number,post_url,post_title,post_content,post_author,post_date,post_time,word_count,image_count,external_links_count,folder_name
4,https://www.facebook.com/1421foundation/posts/1407938784378221?ref=embed_post,What if one volcanic eruption could rewrite our entire understanding of the Bronze Age,"What if one volcanic eruption could rewrite our entire understanding of the Bronze Age? New research reveals the Thera eruption in the Aegean happened earlier than we thought: predating Pharaoh Ahmose I and shifting its role as a chronological anchor for Mediterranean civilizations. Scientists used advanced radiocarbon dating on Egyptian artifacts, showing the eruption actually occurred during Egypt's Second Intermediate Period. This dramatic revision forces experts to rethink how trade, culture, and even tsunamis shaped the eastern Mediterranean. Imagine the ripple effects: Akrotiri devastated, new trade routes broken or born, and the very timeline of ancient societies now cast in a new light. What wonders will further study uncover? If you're fascinated by world history, maritime discovery, or ancient mysteries, dive deeper into this story and join our discussion! Read more: https://www.ancient-origins.net/.../bronze-age-chronology... What changes do you think this will bring to our understanding of ancient Mediterranean civilizations? #BronzeAge #TheraEruption #AncientHistory #MaritimeExploration #WorldHistory #Archaeology #Santorini",The 1421 Foundation,31/10/2025,14:05,154,1,1,post004_What_if_one_volcanic_eruption_could
2,https://www.facebook.com/1421foundation/posts/1423309422841157?ref=embed_post,Dive into the spirit of adventure,Dive into the spirit of adventure! Learn more about our recent news and discoveries in our latest newsletter! #GlobalConnections #GavinMenzies #1421Foundation #1421Legacy #MaritimeHistory #GlobalExploration #PreColumbianVoyages,The 1421 Foundation,17/11/2025,11:11,25,1,1,post002_Dive_into_the_spirit_of_adventure_Learn
5,https://www.facebook.com/1421foundation/posts/1404800118025421?ref=embed_post,"A recent article posits that the first Americans didn't arrive on foot, but sailed across the Pacifi","A recent article posits that the first Americans didn't arrive on foot, but sailed across the Pacific over 20,000 years ago? Research reveals stone tools from sites in the US closely match ancient Japanese artifacts, suggesting the earliest migrations came by boat from Hokkaido, Japan. These pioneering seafarers likely followed the Pacific coast south of an icy Alaska, connecting cultures and ideas long before the Clovis people emerged. It's a fantastic leap forward in our understanding of how ancient people connected continents! What wonders will they uncover next? Do you think more evidence of ancient ocean journeys will turn up along our shores? Read more via IFLScience: https://www.iflscience.com/we-now-know-how-the-first... #MaritimeHistory #HumanMigration #AncientExploration #1421Foundation #WhoDiscoveredAmerica",The 1421 Foundation,27/10/2025,19:27,113,1,1,post005_A_recent_article_posits_that_the_first
3,https://www.facebook.com/1421foundation/posts/1420786739760092?ref=embed_post,If anyone is in Melaka next week,If anyone is in Melaka next week...,The 1421 Foundation,14/11/2025,10:43,7,1,1,post003_If_anyone_is_in_Melaka_next_week
1,https://www.facebook.com/1421foundation/posts/1443488057489960?ref=embed_post,"Using advanced techniques, Davis et al","A milestone for humanity! Recent multidisciplinary research at Barnham, southern England, has uncovered the oldest known evidence that our ancient ancestors deliberately created fire: an extraordinary leap in technology and social evolution. Using advanced techniques, Davis et al. reveal traces of controlled fire ignition dating back nearly 400,000 years. Mastering fire was not just about warmth and cooking; it was a foundation for migration, innovation, and new social bonds. What other marvels might we uncover about early human ingenuity? Learn more in Nature (https://www.nature.com/articles/d41586-025-03735-9). Would you have guessed this pivotal discovery happened in England? Join the conversation: share your thoughts below! #HumanOrigins #Archaeology #FireMaking #HistoryOfTechnology #1421Foundation",The 1421 Foundation,12/12/2025,16:00,106,1,1,post001_A_milestone_for_humanity_Recent
6,https://www.facebook.com/1421foundation/posts/1400598948445538?ref=embed_post,What a fantastic discovery,"What a fantastic discovery! A recently uncovered Tang Dynasty shipwreck is shining new light on the early trade networks that connected China with the wider world nearly 1,200 years ago. The treasures found: ceramics, coins, and other goods: speak to a time when Chinese ships sailed far and wide, blazing trails for global exchange long before the famous fleets of Zheng He. At The 1421 Foundation, we're fascinated by how these early maritime journeys set the stage for later ages of exploration. Moments like this invite us all to imagine the stories carried across the waves: what will we uncover next? Curious to dive deeper into China's amazing seafaring legacy? Let us know your thoughts, and join our community as we explore the rich history of global maritime discovery together! #TangDynasty #Shipwreck #AncientChina #MaritimeHistory #ZhengHe #Globalization #HistoryLovers Read more about the discovery in this SCMP article: https://www.scmp.com/.../artefacts-tang-dynasty-shipwreck...",The 1421 Foundation,23/10/2025,11:25,147,1,1,post006_What_a_fantastic_discovery_A_recently
9,https://www.facebook.com/1421foundation/posts/1366503745188392?ref=embed_post,"What happens when Zheng He researchers, space scientists, and visionaries from around the world gath","What happens when Zheng He researchers, space scientists, and visionaries from around the world gather in one place? CWC magic unfolds! The Commonwealth of World Chinatowns Conference in Penang just wrapped up five incredible days of global exchange that perfectly captured our mission. Delegates from every corner of the world came together to explore how ancient maritime routes connect to future voyages, how historical discoveries inspire new generations, and how diverse voices can build bridges across cultures. The energy was fantastic! Distinguished academics and researchers sharing ground-breaking fresh perspectives on history, culture and technology. Penang's unique blend of past and future provided the perfect backdrop for this celebration of collaborative discovery. Seeing that commemorative group photo filled with faces from so many countries and disciplines reminds us why we do this work. When we bring together different generations and expertise, we create something truly wonderful. Have you experienced that moment when history and innovation collide? #CWCConference #Penang #GlobalExchange #MaritimeHistory #YouthEngagement #1421Foundation #ZhengHe #CulturalBridges",The 1421 Foundation,16/09/2025,15:51,163,1,1,post009_What_happens_when_Zheng_He_researchers
7,https://www.facebook.com/1421foundation/posts/1399263935245706?ref=embed_post,"He spoke of golden palaces, vast cities, and exotic customs, details that seemed fantastical to peop","When Marco Polo returned to Venice in 1295 after spending over two decades traveling through Asia, his tales of the wealth and splendor of the Mongol Empire astonished his fellow Venetians. He spoke of golden palaces, vast cities, and exotic customs, details that seemed fantastical to people who had never ventured far beyond Europe. His vivid accounts, later compiled in 'The Travels of Marco Polo', painted a picture of a world so rich and strange that many doubted their authenticity. Venetians, skeptical and amused, began mocking Polo for what they saw as exaggerated storytelling. They nicknamed him ""Messer Marco Milioni"". Mr. Marco Millions, suggesting he had a habit of inflating numbers and embellishing facts. The name stuck, not just as a jab at his credibility, but as a reflection of how unbelievable his stories sounded to a medieval European audience unfamiliar with the grandeur of the East. Despite the ridicule, Polo's accounts became one of the most influential travel narratives in history. His descriptions inspired generations of explorers, including Christopher Columbus, who reportedly carried a copy of Polo's book on his voyages. Over time, the nickname ""Marco Millions"" evolved from mockery into a symbol of curiosity, ambition, and the power of storytelling to bridge distant worlds. #marcopolo #thehistoriansden",The 1421 Foundation,22/10/2025,00:33,208,1,1,post007_When_Marco_Polo_returned_to_Venice_in
10,https://www.facebook.com/1421foundation/posts/1362827778889322?ref=embed_post,What if Venice's most iconic symbol isn't actually Venetian at all,"What if Venice's most iconic symbol isn't actually Venetian at all? Ground-breaking new research reveals that the legendary Bronze Lion in St. Mark's Square may have started life as a Chinese tomb guardian! According to a study published in the journal """"Antiquity"""" on Thursday, scientists traced the bronze's copper to China's Yangtze River and discovered Tang dynasty design features that suggest this majestic creature was originally a zhènmùshòu (a monumental, fierce, lion-like tomb guardian) before making the incredible journey to Venice, possibly with Marco Polo's family. Imagine this ancient guardian traveling the Silk Road, then being transformed in Venice into the sacred symbol of St. Mark we know today. What an awesome example of medieval globalisation in action! Have you ever wondered what other """"local"""" treasures might actually tell global stories? What discoveries do you think await us next? #GlobalHistory #Venice #StMarksLion #TangDynasty #MarcoPolo #CulturalExchange #1421Foundation #MedievalHistory #SilkRoad #Globalisation",The 1421 Foundation,12/09/2025,09:54,149,1,0,post010_What_if_Venices_most_iconic_symbol_isnt
8,https://www.facebook.com/1421foundation/posts/1371753627996737?ref=embed_post,You can read the special Zheng He focus by subscribing at the following link: https://nacfocus,"As some of you might know, in early September, Ian Hudson represented the 1421 Foundation and the Gavin Menzies Research Foundation at a conference in Penang, Malaysia, where New Asia Currents (NAC) launched an NAC Focus on Zheng He. You can read the special Zheng He focus by subscribing at the following link: https://nacfocus.substack.com/ New Asia Currents is having a subscription drive. Being a subscriber of NAC, you will receive all the latest news and stories published not only on the site but also on its sister site, PostScript NAC, for FREE. Please click on the SUBSCRIBE BUTTON via this link: https://www.newasiacurrents.com To ensure you have entered your information correctly, NAC will send you an email to reconfirm your subscription. We hope you will enjoy reading the stories featured and share the NAC subscription site with your friends and followers!",The 1421 Foundation,22/09/2025,12:58,140,1,2,post008_As_some_of_you_might_know_in_early
11,https://www.facebook.com/1421foundation/posts/1352099449962155?ref=embed_post,Ever wondered how a 15th-century Chinese admiral shaped Malaysia's destiny as a global crossroads,"Ever wondered how a 15th-century Chinese admiral shaped Malaysia's destiny as a global crossroads? Zheng He's legendary voyages weren't just maritime adventures. They transformed places like Melaka into vibrant hubs where cultures, ideas, and innovations collided and flourished. His expeditions brought together traders, scholars, and dreamers from across the world, creating the multicultural tapestry we see in Malaysia today. This year's CWC Conference in Penang celebrates these powerful connections! Historians, artists, and scientists are gathering to explore how Malaysia's story intertwines with global maritime history. From ancient temples to modern innovations, the legacy of these early exchanges continues to inspire. What fascinates you most about how past voyages shape our present? Have you explored the maritime heritage sites in Melaka or Penang? Join the conversation and discover how yesterday's journeys chart tomorrow's possibilities! #ZhengHe #Malaysia #Penang #CWC2025 #MaritimeHistory #GlobalConnections",The 1421 Foundation,30/08/2025,10:03,139,1,0,post011_Ever_wondered_how_a_15th_century
12,https://www.facebook.com/1421foundation/posts/1349889430183157?ref=embed_post,What if everything we thought we knew about the Renaissance was only half the story,"What if everything we thought we knew about the Renaissance was only half the story? A fantastic new exhibition """"From Zheng He to da Vinci: China's Gift to the Renaissance"""" opens next week at the CWC Conference in Penang, and it's set to challenge how we understand Europe's golden age. Based partly on Gavin Menzies' groundbreaking thesis from """"1434"""", it explores how Chinese innovations may have sparked the Renaissance through remarkable East-West exchanges. Visitors will discover treasures like the Yongle Dadian - the world's largest encyclopedia of its time - alongside rare manuscripts, maps, and diagrams that trace the flow of knowledge from China to Italy. Each panel invites you to rethink how art, science, and innovation truly blossomed through global contact centuries before we imagined. From Zheng He's legendary voyages to the workshops of Renaissance masters, prepare for a fresh perspective on what really ignited Europe's dawn. Have you ever wondered how much ancient global connections shaped our modern world? What discoveries do you think await us when we look beyond traditional historical narratives? Join us for this wonderful journey of discovery in Penang! #ZhengHe #Renaissance #1434 #MaritimeHistory #GlobalHistory #Penang #CrossCultural #Innovation #Discovery #1421Foundation #CommonwealthofWorldChinatowns",The 1421 Foundation,27/08/2025,16:23,196,1,0,post012_What_if_everything_we_thought_we_knew
14,https://www.facebook.com/1421foundation/posts/1344540750718025?ref=embed_post,"A fascinating piece in """"""""Asia Times"""""""" highlights a Korean map from 1402 - before Zheng He's great vo","A fascinating piece in """"Asia Times"""" highlights a Korean map from 1402 - before Zheng He's great voyages and nearly a century before Columbus. Drawn on silk and based on Chinese sources, the map depicts Africa, the Middle East, and even parts of Europe with striking accuracy. It suggests that East Asia held a far wider awareness of the globe than many believe, long before the so-called ""Age of Discovery."" This discovery raises powerful questions: How did such knowledge reach East Asia so early? Was it through China's own maritime networks, or via exchanges with the Islamic world? For those of us interested in early exploration, the 1402 map is another clue pointing to the deep connections between China and the wider world. Read the full article here:",The 1421 Foundation,21/08/2025,13:34,128,1,1,post014_A_fascinating_piece_in_Asia_Times
13,https://www.facebook.com/1421foundation/posts/1348869396951827?ref=embed_post,"Take a look at this beautiful poster for the CWC Penang conference, and do join us if you can","Take a look at this beautiful poster for the CWC Penang conference, and do join us if you can! https://commonwealthofworldchinatowns.com/",The 1421 Foundation,26/08/2025,13:14,20,1,1,post013_Take_a_look_at_this_beautiful_poster
15,https://www.facebook.com/1421foundation/posts/1342056160966484?ref=embed_post,"Here's our latest newsletter, hot off the press","Here's our latest newsletter, hot off the press. Please read, like and share! https://myemail.constantcontact.com/The-latest-news-from...",The 1421 Foundation,18/08/2025,16:47,14,1,1,post015_Heres_our_latest_newsletter_hot_off_the
16,https://www.facebook.com/1421foundation/posts/1341762400995860?ref=embed_post,Who's coming to Penang in September,Who's coming to Penang in September?,The 1421 Foundation,18/08/2025,10:44,6,1,1,post016_Whos_coming_to_Penang_in_September
17,https://www.facebook.com/1421foundation/posts/1336413604864073?ref=embed_post,Read more about Sheng-Wei Wang's research on Zheng He's travels below: https://postscriptnac.substack.com/.../exploring-,Read more about Sheng-Wei Wang's research on Zheng He's travels below: https://postscriptnac.substack.com/.../exploring-chinese...,The 1421 Foundation,12/08/2025,09:39,12,1,1,post017_Read_more_about_Sheng_Wei_Wangs
19,https://www.facebook.com/1421foundation/posts/1312090010629766?ref=embed_post,"30,000-year-old sea voyage recreated with canoe built using ancient stone tools","30,000-year-old sea voyage recreated with canoe built using ancient stone tools:",The 1421 Foundation,14/07/2025,12:59,11,0,1,post019_30000_year_old_sea_voyage_recreated
18,https://www.facebook.com/1421foundation/posts/1314051980433569?ref=embed_post,Please go and see this and take photos for us,Any readers in Shanghai? Please go and see this and take photos for us!,The 1421 Foundation,16/07/2025,20:29,14,1,2,post018_Any_readers_in_Shanghai_Please_go_and
20,https://www.facebook.com/1421foundation/posts/1287384319767002?ref=embed_post,We have just sent out our latest newsletter,"We have just sent out our latest newsletter. Please read, enjoy, and share to all of your friends!",The 1421 Foundation,13/06/2025,21:53,18,1,1,post020_We_have_just_sent_out_our_latest
21,https://www.facebook.com/1421foundation/posts/1247332793772155?ref=embed_post,"Click on the link below to learn more about Gavin and Ian's research with the 1421 Foundation,","Click on the link below to learn more about Gavin and Ian's research with the 1421 Foundation, published via the fantastic new venture with New Asia Currents and the Commonwealth of World Chinatowns:",The 1421 Foundation,24/04/2025,10:15,33,1,1,post021_Click_on_the_link_below_to_learn_more
22,https://www.facebook.com/1421foundation/posts/1216538130184955?ref=embed_post,What a fantastic showcase: the treasures unearthed from the Antikythera Shipwreck—widely regarded,What a fantastic showcase: the treasures unearthed from the Antikythera Shipwreck—widely regarded as one of antiquity's most famous and opulent wrecks—will be brought together and unveiled to the public as a unified collection.,The 1421 Foundation,21/03/2025,16:21,33,1,1,post022_What_a_fantastic_showcase_the_treasures
23,https://www.facebook.com/1421foundation/posts/1214016717103763?ref=embed_post,The ancient peoples of the Philippines and of Island Southeast Asia (ISEA) may have built,"The ancient peoples of the Philippines and of Island Southeast Asia (ISEA) may have built sophisticated boats and mastered seafaring tens of thousands of years ago—millennia before Magellan, Zheng He, and even the Polynesians. https://phys.org/.../2025-02-ancient-seafarers-southeast....",The 1421 Foundation,18/03/2025,20:15,35,0,1,post023_2025_02_ancient_seafarers_southeast
24,https://www.facebook.com/1421foundation/posts/1168253551680080?ref=embed_post,Some information for you below on the Nanhai I Shipwreck exhibition if you happen to be in Hong Kong,"Some information for you below on the Nanhai I Shipwreck exhibition if you happen to be in Hong Kong. The exhibition """"Launch from Greater Bay Area: Nanhai I Shipwreck & the Maritime Silk Road"""" is being held at the Hong Kong Heritage Discovery Center in Tsim Sha Tsui. It features over 180,000 cultural relics from the Song Dynasty (960-1279) discovered on the ancient merchant ship Nanhai I, which was salvaged in 2007.",The 1421 Foundation,21/01/2025,11:52,72,1,1,post024_Some_information_for_you_below_on_the
25,https://www.facebook.com/1421foundation/posts/1163988178773284?ref=embed_post,Evidence of Minoan trade between Cyprus and Sardinia,Evidence of Minoan trade between Cyprus and Sardinia...,The 1421 Foundation,15/01/2025,15:38,8,1,1,post025_Evidence_of_Minoan_trade_between_Cyprus
26,https://www.facebook.com/1421foundation/posts/1132136568625112?ref=embed_post,Join the movement to reshape history with the 1421 Foundation. #RewriteHistory #SupportDiscovery,Join the movement to reshape history with the 1421 Foundation. #RewriteHistory #SupportDiscovery https://conta.cc/3ZluT5C,The 1421 Foundation,03/12/2024,13:43,13,1,2,post026_Join_the_movement_to_reshape_history
27,https://www.facebook.com/1421foundation/posts/1106059201232849?ref=embed_post,Facebook Post 27,What a wonderful find!,The 1421 Foundation,29/10/2024,18:19,4,1,1,post027_What_a_wonderful_find
28,https://www.facebook.com/1421foundation/posts/1102866244885478?ref=embed_post,"The """"""""most complete ancient vessel found in the Med"""""""" - what wonders will they uncover next","The """"most complete ancient vessel found in the Med"""" - what wonders will they uncover next?",The 1421 Foundation,25/10/2024,13:18,16,1,1,post028_The_most_complete_ancient_vessel_found
29,https://www.facebook.com/1421foundation/posts/1094959852342784?ref=embed_post,Some incredible new images being shown from the resting place of the HMS Endurance,Some incredible new images being shown from the resting place of the HMS Endurance:,The 1421 Foundation,15/10/2024,11:04,14,1,1,post029_Some_incredible_new_images_being_shown
30,https://www.facebook.com/1421foundation/posts/1083774710127965?ref=embed_post,"Scientific Exploration Society Tuesday 12 November, Royal Geographical Society, London","For those of you in London, tickets are selling fast to an unmissable celebration of the 50th anniversary of the large-scale expedition that navigated almost all the 2,700 miles of the hazardous Zaire (now Congo) river, carrying out important research into eye disease and various scientific projects. The evening will include expedition displays and presentations (with slides and films) from Colonel John Blashford-Snell, Paul Turner, Roger Chapman, and David Hardy. Scientific Exploration Society Tuesday 12 November, Royal Geographical Society, London. Book your tickets here:",The 1421 Foundation,01/10/2024,14:39,84,1,1,post030_For_those_of_you_in_London_tickets_are
32,https://www.facebook.com/1421foundation/posts/1068761721629264?ref=embed_post,An amazing new Bronze Age find in Turkey,An amazing new Bronze Age find in Turkey:,The 1421 Foundation,12/09/2024,15:13,8,1,1,post032_An_amazing_new_Bronze_Age_find_in_Turkey
31,https://www.facebook.com/1421foundation/posts/1078019687370134?ref=embed_post,Beautiful new exhibition opening in London at the British Museum - who's going,Beautiful new exhibition opening in London at the British Museum - who's going?,The 1421 Foundation,24/09/2024,13:49,13,1,1,post031_Beautiful_new_exhibition_opening_in
33,https://www.facebook.com/1421foundation/posts/1061518822353554?ref=embed_post,"Ian just did an interview with Jeff Brown on his """"""""China Rising"""""""" podcast","Ian just did an interview with Jeff Brown on his """"China Rising"""" podcast. Click below to listen!",The 1421 Foundation,02/09/2024,13:51,17,1,1,post033_Ian_just_did_an_interview_with_Jeff
34,https://www.facebook.com/1421foundation/posts/1025593365946100?ref=embed_post,You can check out our latest newsletter here: https://myemail-api,HAPPY ZHENG HE DAY! Read all about it! You can check out our latest newsletter here: https://myemail-api.constantcontact.com/Happy-Zheng-He...,The 1421 Foundation,11/07/2024,15:22,17,1,1,post034_HAPPY_ZHENG_HE_DAY_Read_all_about_it
35,https://www.facebook.com/1421foundation/posts/1010728210765949?ref=embed_post,"""""""""The discovery of this boat now changes our entire understanding of ancient mariner abilities","Wow! """"The discovery of this boat now changes our entire understanding of ancient mariner abilities.""""",The 1421 Foundation,20/06/2024,12:17,15,0,1,post035_Wow_The_discovery_of_this_boat_now
36,https://www.facebook.com/1421foundation/posts/1006308017874635?ref=embed_post,Amazing new Minoan structure uncovered during construction at the airport in Crete,Amazing new Minoan structure uncovered during construction at the airport in Crete!,The 1421 Foundation,13/06/2024,12:31,12,1,1,post036_Amazing_new_Minoan_structure_uncovered
37,https://www.facebook.com/1421foundation/posts/1004355501403220?ref=embed_post,Another piece about the beautiful Fu Ning - the world's largest seagoing traditional Chinese wooden,Another piece about the beautiful Fu Ning - the world's largest seagoing traditional Chinese wooden sailing boat:,The 1421 Foundation,10/06/2024,11:29,17,1,1,post037_Another_piece_about_the_beautiful_Fu
38,https://www.facebook.com/1421foundation/posts/1001778288327608?ref=embed_post,Amazing images coming from the seafloor,Who is excited about this? Amazing images coming from the seafloor!,The 1421 Foundation,06/06/2024,09:42,11,1,1,post038_Who_is_excited_about_this_Amazing
39,https://www.facebook.com/1421foundation/posts/985555989949838?ref=embed_post,The techniques used could be the result of intense cultural exchanges with the Minoan world,The techniques used could be the result of intense cultural exchanges with the Minoan world.,The 1421 Foundation,13/05/2024,10:51,15,1,1,post039_The_techniques_used_could_be_the_result
40,https://www.facebook.com/1421foundation/posts/969767354862035?ref=embed_post,Some great new insights into this Minoan palace,Some great new insights into this Minoan palace:,The 1421 Foundation,19/04/2024,11:40,8,1,1,post040_Some_great_new_insights_into_this
41,https://www.facebook.com/1421foundation/posts/965324895306281?ref=embed_post,Check out our latest newsletter exploring the Baby Buddha of Shark Bay! Learn more here. #research,Check out our latest newsletter exploring the Baby Buddha of Shark Bay! Learn more here. #research #educate #explore #history #historyofwa #histor#exploration #archaeology,The 1421 Foundation,12/04/2024,13:39,22,4,0,post041_Check_out_our_latest_newsletter
43,https://www.facebook.com/1421foundation/posts/960899735748797?ref=embed_post,Who wants to learn more about the Baby Buddha of Shark Bay,Who wants to learn more about the Baby Buddha of Shark Bay? We LOVE this story and have some exciting developments! Sign up to our newsletter to find out more!,,05/04/2024,14:37,30,1,2,post043_Who_wants_to_learn_more_about_the_Baby
42,https://www.facebook.com/1421foundation/posts/962753412230096?ref=embed_post,The #BabyBuddha website is now live - check it out for further information - amazing discovery and r,The #BabyBuddha website is now live - check it out for further information - amazing discovery and research!,The 1421 Foundation,08/04/2024,12:22,18,1,1,post042_The_BabyBuddha_website_is_now_live
44,https://www.facebook.com/1421foundation/posts/955949142910523?ref=embed_post,Unveiling Ancient Mariners Neolithic Boats Illuminate Advanced Nautical Prowess,Unveiling Ancient Mariners Neolithic Boats Illuminate Advanced Nautical Prowess:,,29/03/2024,11:58,9,1,1,post044_Unveiling_Ancient_Mariners_Neolithic
45,https://www.facebook.com/1421foundation/posts/955197786318992?ref=embed_post,"This was Ian Hudson, 7 years ago, at Yunnan University Library, where he handed over Gavin's researc","This was Ian Hudson, 7 years ago, at Yunnan University Library, where he handed over Gavin's research archive to the students in a beautiful ceremony.",,28/03/2024,08:52,25,1,0,post045_This_was_Ian_Hudson_7_years_ago_at
46,https://www.facebook.com/1421foundation/posts/944764880695616?ref=embed_post,"Behold, our latest newsletter, sent out on '1421 Day' last week, 603 years after Zheng He set sail o","Behold, our latest newsletter, sent out on '1421 Day' last week, 603 years after Zheng He set sail on his 1421 expedition! If you enjoy reading our newsletters please consider making a donation to The 1421 Foundation or sharing our news with your friends and family. Any help is hugely appreciated!!! https://myemail.constantcontact.com/The-latest-news-from...",The 1421 Foundation,11/03/2024,10:29,52,1,1,post046_Behold_our_latest_newsletter_sent_out
47,https://www.facebook.com/1421foundation/posts/943033450868759?ref=embed_post,Facebook Post 47,Who'd like a trip on this?,The 1421 Foundation,08/03/2024,11:51,6,0,1,post047_Whod_like_a_trip_on_this
48,https://www.facebook.com/1421foundation/posts/932171578621613?ref=embed_post,Please sign up to our newsletter and help us spread the word - exciting things are happening soon,Please sign up to our newsletter and help us spread the word - exciting things are happening soon!,The 1421 Foundation,19/02/2024,13:45,18,1,1,post048_Please_sign_up_to_our_newsletter_and
49,https://www.facebook.com/1421foundation/posts/920351139803657?ref=embed_post,"If you'd like to learn more about Sheng-Wei Wang's research on Zheng He's voyages, you can do so at","If you'd like to learn more about Sheng-Wei Wang's research on Zheng He's voyages, you can do so at her website here:",The 1421 Foundation,01/02/2024,11:58,22,1,1,post049_If_youd_like_to_learn_more_about_Sheng
50,https://www.facebook.com/1421foundation/posts/879063830599055?ref=embed_post,Today we are sharing news of the publication of a book which we are intrigued by,"Today we are sharing news of the publication of a book which we are intrigued by. We haven't read it yet, but look forward to hearing more about it in due course: 'Chinese Global Exploration in the Pre-Columbian Era - Evidence from an Ancient World Map', by Dr. Sheng-Wei Wang. Find out more about Sheng-Wei Wang here, and enter WSASOC20 to receive a 20% discount on her latest book. https://worlddiscovery.net/recent-books/",The 1421 Foundation,28/11/2023,13:51,70,0,2,post050_Today_we_are_sharing_news_of_the
51,https://www.facebook.com/1421foundation/posts/858013339370771?ref=embed_post,Facebook Post 51,Exciting new finds here!,The 1421 Foundation,23/10/2023,14:25,4,1,1,post051_Exciting_new_finds_here
52,https://www.facebook.com/1421foundation/posts/856436022861836?ref=embed_post,"We use cookies from other companies in order to show you ads off our Products, and provide features","We use cookies from other companies in order to show you ads off our Products, and provide features such as maps, payment services and video.",The 1421 Foundation,20/10/2023,20:15,25,1,1,post052_Who_was_the_Chinese_Navigator_Zheng_He
53,https://www.facebook.com/1421foundation/posts/853579486480823?ref=embed_post,How the first giraffe made its way to China,How the first giraffe made its way to China!,The 1421 Foundation,16/10/2023,12:49,9,1,1,post053_How_the_first_giraffe_made_its_way_to
54,https://www.facebook.com/1421foundation/posts/846472737191498?ref=embed_post,Any archaeologists out there,Hello friends! Any archaeologists out there? We have some interesting photos we'd like to share to anyone that's interested!,The 1421 Foundation,05/10/2023,09:30,19,0,0,post054_Hello_friends_Any_archaeologists_out
55,https://www.facebook.com/1421foundation/posts/824313112740794?ref=embed_post,"A post about 1421 Director Ian Hudson's grandmother, and his brother's fundraising bid","A post about 1421 Director Ian Hudson's grandmother, and his brother's fundraising bid. Please support if you can! https://www.justgiving.com/campaign/rnli-tour-de-dyfed-2023",The 1421 Foundation,30/08/2023,10:50,19,1,1,post055_A_post_about_1421_Director_Ian_Hudsons
56,https://www.facebook.com/1421foundation/posts/811641500674622?ref=embed_post,Facebook Post 56,And a great video here:,The 1421 Foundation,08/08/2023,12:33,5,1,1,post056_And_a_great_video_here
57,https://www.facebook.com/1421foundation/posts/809281844243921?ref=embed_post,A few options discussed here on how the Americas were populated,A few options discussed here on how the Americas were populated:,The 1421 Foundation,04/08/2023,12:10,11,1,1,post057_A_few_options_discussed_here_on_how_the
58,https://www.facebook.com/1421foundation/posts/803890518116387?ref=embed_post,http://en.people.cn/n3/2023/0717/c90000-20045271.html,http://en.people.cn/n3/2023/0717/c90000-20045271.html,The 1421 Foundation,26/07/2023,17:20,1,1,1,post058_cnn320230717c90000_20045271
59,https://www.facebook.com/1421foundation/posts/746727827165990?ref=embed_post,"This vase origins from Nazca, Peru","Chinese man-artifact. This vase origins from Nazca, Peru. Visible in the Museum of Ethnography in Budapest (Hungary). According the description """"the man with oriental facial features"""" (page 136). Because Nazca older, than Chan Chan, so may be evidence that the Chinese landed earlier America, that Gavin Menzies as claimed.",The 1421 Foundation,28/04/2023,14:05,49,3,0,post059_Chinese_man_artifact_This_vase_origins
61,https://www.facebook.com/1421foundation/posts/713788993793207?ref=embed_post,Did anyone watch this on Antiques Roadshow,Did anyone watch this on Antiques Roadshow? Fascinating stuff!,The 1421 Foundation,07/03/2023,00:02,9,0,1,post061_Did_anyone_watch_this_on_Antiques
62,https://www.facebook.com/1421foundation/posts/695746788930761?ref=embed_post,This is rather exciting - are there any pumpkin experts out there,This is rather exciting - are there any pumpkin experts out there? https://papers.ssrn.com/sol3/papers.cfm?abstract_id=4350441,The 1421 Foundation,10/02/2023,15:38,13,1,1,post062_This_is_rather_exciting_are_there_any
60,https://www.facebook.com/1421foundation/posts/714686207036819?ref=embed_post,"On this day, 8th March in 1421, the largest fleet the world had ever seen sailed from its base in Ch","On this day, 8th March in 1421, the largest fleet the world had ever seen sailed from its base in China. The ships, huge junks nearly five hundred feet long and built from the finest teak, were under the command of Emperor Zhu Di's loyal eunuch admirals. Their mission was 'to proceed all the way to the end of the earth to collect tribute from the barbarians beyond the seas' and unite the whole world in Confucian harmony. The journey would last over two years and circle the globe some 70 years before the European """"Voyages of discovery"""". Please visit our websites to find out more: www.gavinmenzies.net and www.1421foundation.org",The 1421 Foundation,08/03/2023,09:29,109,1,2,post060_On_this_day_8th_March_in_1421_the
63,https://www.facebook.com/1421foundation/posts/679539103884863?ref=embed_post,Zheng He lives on in maritime design,Zheng He lives on in maritime design!,The 1421 Foundation,20/01/2023,11:33,7,1,1,post063_Zheng_He_lives_on_in_maritime_design
64,https://www.facebook.com/1421foundation/posts/625824592589648?ref=embed_post,We don't like to get political here on 1421 Facebook but this was quite heartening,We don't like to get political here on 1421 Facebook but this was quite heartening!,The 1421 Foundation,15/11/2022,10:54,15,1,1,post064_We_dont_like_to_get_political_here_on
65,https://www.facebook.com/1421foundation/posts/5211164798938010?ref=embed_post,A belated happy Chinese Maritime Day for yesterday,A belated happy Chinese Maritime Day for yesterday!,The 1421 Foundation,12/07/2023,18:23,8,1,1,post065_A_belated_happy_Chinese_Maritime_Day
66,https://www.facebook.com/1421foundation/posts/5165737790147378?ref=embed_post,The Great Treasure Fleet of Zheng He https://www,The Great Treasure Fleet of Zheng He https://www.visiontimes.com/.../the-great-chinese...,The 1421 Foundation,25/06/2022,18:46,8,0,1,post066_The_Great_Treasure_Fleet_of_Zheng_He
67,https://www.facebook.com/1421foundation/posts/5034636633257495?ref=embed_post,10 Remarkable Sea Voyagers,10 Remarkable Sea Voyagers:,The 1421 Foundation,10/05/2022,17:56,4,1,1,post067_10_Remarkable_Sea_Voyagers
68,https://www.facebook.com/1421foundation/posts/4810370675684093?ref=embed_post,"As discussed in our most recent book, """"""""Who Discovered America","As discussed in our most recent book, """"Who Discovered America?"""" it seems that the peopling of the Americas is far more complex than previously thought...",The 1421 Foundation,16/02/2022,18:07,25,1,1,post068_As_discussed_in_our_most_recent_book
69,https://www.facebook.com/1421foundation/posts/4487557231298774?ref=embed_post,This looks like a fantastic exhibition if you're in London -,This looks like a fantastic exhibition if you're in London -,The 1421 Foundation,17/11/2021,18:48,11,1,1,post069_This_looks_like_a_fantastic_exhibition
70,https://www.facebook.com/1421foundation/posts/4384575788263586?ref=embed_post,"We use cookies from other companies in order to show you ads off our Products, and provide features","We use cookies from other companies in order to show you ads off our Products, and provide features such as maps, payment services and video.",The 1421 Foundation,15/10/2021,13:16,25,1,1,post070_sure_they_have_recieved_the_information
72,https://www.facebook.com/1421foundation/posts/4181166295271204?ref=embed_post,Found February 2019 near the waterline at Carmel River Beach at low tide and following rainstorms,"Found February 2019 near the waterline at Carmel River Beach at low tide and following rainstorms. Finder noticed it underneath a larger oceanside rock, the top poking up out of the sand and some of the markings visible (accented by the tidewater flowing in and out). The finder thought about calling an archaeologist but was worried that the ocean tide might carry it out to sea. They were able to pry it loose. It's not a large rock-- not big enough to really stand or sit on. It's about volleyball size, but pretty dense and heavy. A piece of it seems to be split off at one end. What's truly striking about this stone, is that despite its rather small size, there are several curving lines atop the surface, and they intersect at seemingly strategic points. Initial inclination is that someone in olden times (coastal California Indians? Spanish sailors?) made the markings on the rock for, perhaps, astronomy or navigational purposes. Some have suggested that the markings appear Asian in nature, and that possibility is intriguing as well! Currently, the stone resides with archaeologists at the offices of Monterey State Historic Parks. No consensus has yet to be reached on the origin of the markings. What do YOU think, readers?",The 1421 Foundation,10/08/2021,12:41,210,4,0,post072_Found_February_2019_near_the_waterline
71,https://www.facebook.com/1421foundation/posts/4309026939151805?ref=embed_post,What wonderful feats he achieved,What wonderful feats he achieved:,The 1421 Foundation,21/09/2021,14:49,5,1,1,post071_What_wonderful_feats_he_achieved
73,https://www.facebook.com/1421foundation/posts/4123360491051785?ref=embed_post,"""""""""In 1398 the Ming dynasty started ruling Great China & the imperial navy under the command of","""""In 1398 the Ming dynasty started ruling Great China & the imperial navy under the command of Admiral Zheng He sailed the known world connecting China to the rest of the world. The Sunflower which was native to South America arrived in China through the international relations developed during the Ming dynasty according to Chinese sources.""""",The 1421 Foundation,21/07/2021,16:15,56,1,1,post073_In_1398_the_Ming_dynasty_started_ruling
74,https://www.facebook.com/1421foundation/posts/4103160949738406?ref=embed_post,Zheng He's endeavours are still so important today,Zheng He's endeavours are still so important today:,The 1421 Foundation,14/07/2021,11:32,8,1,1,post074_Zheng_Hes_endeavours_are_still_so
75,https://www.facebook.com/1421foundation/posts/3732702976784207?ref=embed_post,"On this very day, 600 years ago, Admiral Zheng He set off on his 6th great voyage of discovery","On this very day, 600 years ago, Admiral Zheng He set off on his 6th great voyage of discovery. We, at the 1421 Foundation, believe that on this voyage his fleet explored and charted the world, some 71 years before Columbus arrived in North America. If you'd like to learn more about our research, or make a donation to furthering our investigations, please visit our website, www.1421foundation.org",The 1421 Foundation,08/03/2021,13:56,67,4,1,post075_On_this_very_day_600_years_ago_Admiral
76,https://www.facebook.com/1421foundation/posts/3675577362496769?ref=embed_post,Zheng He was in the news again on the weekend,Zheng He was in the news again on the weekend. It would be amazing if Gavin was given some credit for his 1421 hypothesis one of these days... #history #zhenghe #dailyexpress #gavinmenzies #1421 #research #education #exploration,The 1421 Foundation,17/02/2021,12:07,36,1,1,post076_Zheng_He_was_in_the_news_again_on_the
77,https://www.facebook.com/1421foundation/posts/3655685767819262?ref=embed_post,Who has read '1434' which details China's maritime silk route network with Europe and beyond,Who has read '1434' which details China's maritime silk route network with Europe and beyond?,The 1421 Foundation,09/02/2021,17:10,15,1,1,post077_Who_has_read_1434_which_details_Chinas
78,https://www.facebook.com/1421foundation/posts/3548739951847178?ref=embed_post,"We use cookies from other companies in order to show you ads off our Products, and provide features","We use cookies from other companies in order to show you ads off our Products, and provide features such as maps, payment services and video.",The 1421 Foundation,30/12/2020,21:25,25,0,1,post078_Decline_optional_cookies
79,https://www.facebook.com/1421foundation/posts/3507907495930424?ref=embed_post,https://www.sciencenews.org/.../ancient-humans-sea-voyage...,https://www.sciencenews.org/.../ancient-humans-sea-voyage...,The 1421 Foundation,14/12/2020,14:06,1,1,1,post079_ancient_humans_sea_voyage
80,https://www.facebook.com/1421foundation/posts/3497604703627370?ref=embed_post,"We use cookies from other companies in order to show you ads off our Products, and provide features","We use cookies from other companies in order to show you ads off our Products, and provide features such as maps, payment services and video.",The 1421 Foundation,10/12/2020,16:08,25,1,1,post080_Archaeologists_find_vast_network_of
81,https://www.facebook.com/1421foundation/posts/3481021335285707?ref=embed_post,What an epic find! https://www.theguardian.com/.../sistine-chapel-of-the...?,What an epic find! https://www.theguardian.com/.../sistine-chapel-of-the...?,The 1421 Foundation,04/12/2020,11:47,5,1,1,post081_What_an_epic_find
82,https://www.facebook.com/1421foundation/posts/3475535915834249?ref=embed_post,"For any of you that aren't subscribed to our newsletter, you can read our latest edition below","For any of you that aren't subscribed to our newsletter, you can read our latest edition below. Please subscribe and share!!!",The 1421 Foundation,02/12/2020,11:13,21,1,1,post082_For_any_of_you_that_arent_subscribed_to
83,https://www.facebook.com/1421foundation/posts/3410322022355639?ref=embed_post,Chinese cannon worth £100k found in garden -,Chinese cannon worth £100k found in garden -,The 1421 Foundation,08/11/2020,18:21,8,1,1,post083_Chinese_cannon_worth_100k_found_in
85,https://www.facebook.com/1421foundation/posts/3357183771002798?ref=embed_post,Could these ancient mummies be descended from Atlanteans,Could these ancient mummies be descended from Atlanteans? https://www.bbc.com/.../could-these-ancient-mummies-be... via @BBC_Reel #history #atlantis #lostcivilisations #1421,The 1421 Foundation,20/10/2020,14:04,15,1,1,post085_Could_these_ancient_mummies_be
88,https://www.facebook.com/1421foundation/posts/3111629092224935?ref=embed_post,BBC News - Stonehenge: DNA reveals origin of builders,BBC News - Stonehenge: DNA reveals origin of builders,The 1421 Foundation,31/07/2020,16:21,9,1,1,post088_BBC_News_Stonehenge_DNA_reveals_origin
87,https://www.facebook.com/1421foundation/posts/3143552752365902?ref=embed_post,Looks interesting! https://www.southeastasianarchaeology.com/.../webinar... #history,Looks interesting! https://www.southeastasianarchaeology.com/.../webinar... #history,The 1421 Foundation,11/08/2020,14:02,4,1,1,post087_Looks_interesting
90,https://www.facebook.com/1421foundation/posts/3020648054656373?ref=embed_post,Something to aspire to in a post-lockdown world,Something to aspire to in a post-lockdown world!,The 1421 Foundation,29/06/2020,15:51,8,1,1,post090_Something_to_aspire_to_in_a_post
92,https://www.facebook.com/1421foundation/posts/2960969837290862?ref=embed_post,"The Explorers Club is proud to bring you World Oceans Week 2020, presented by Rolex","The Explorers Club is proud to bring you World Oceans Week 2020, presented by Rolex. All events will be streamed right on our homepage at explorers.org, and on our Facebook Live. To watch the stream visit our homepage or our Facebook page at the scheduled times, and join us to help imagine a better future for the oceans. explorers.org//news/news_detail/world-oceans-week-2020-youth-programming facebook.com/TheExplorersClubNYC #oceansweek #explorersclub",The 1421 Foundation,07/06/2020,11:47,62,1,2,post092_The_Explorers_Club_is_proud_to_bring
91,https://www.facebook.com/1421foundation/posts/3003162079738304?ref=embed_post,https://www.bbc.co.uk/news/uk-england-wiltshire-53132567,https://www.bbc.co.uk/news/uk-england-wiltshire-53132567,The 1421 Foundation,23/06/2020,11:12,1,1,1,post091_uknewsuk_england_wiltshire_53132567
89,https://www.facebook.com/1421foundation/posts/3087336704654174?ref=embed_post,""""""""" We discussed ancient maritime voyages to the Americas in our most recent book","""""Who discovered America?"""" We discussed ancient maritime voyages to the Americas in our most recent book. This is another piece of the puzzle...",The 1421 Foundation,23/07/2020,10:27,23,1,1,post089_Who_discovered_America_We_discussed
94,https://www.facebook.com/1421foundation/posts/2836936873027493?ref=embed_post,"Sad news to share. Rest in Peace, Gavin. https://myemail.constantcontact.com/Gavin-Menzies...","Sad news to share. Rest in Peace, Gavin. https://myemail.constantcontact.com/Gavin-Menzies...",The 1421 Foundation,18/04/2020,18:05,9,1,1,post094_Sad_news_to_share_Rest_in_Peace_Gavin
93,https://www.facebook.com/1421foundation/posts/2860808023973711?ref=embed_post,"Globalization evidence exists in the Upper Peninsula and Isle Royal, with all the native copper pits","Nah. Globalization evidence exists in the Upper Peninsula and Isle Royal, with all the native copper pits. Copper that evidently went to Europe to feed the Bronze Age. The Old World simply did not have enough copper mines to feed the trade. It had to come from somewhere.",The 1421 Foundation,28/04/2020,12:05,48,1,1,post093_Nah_Globalization_evidence_exists_in
95,https://www.facebook.com/1421foundation/posts/2809742879080226?ref=embed_post,These dates keep getting pushed further and further back in time,These dates keep getting pushed further and further back in time,The 1421 Foundation,06/04/2020,19:25,11,1,1,post095_These_dates_keep_getting_pushed_further
98,https://www.facebook.com/1421foundation/posts/2785659221488592?ref=embed_post,https://blog.britishmuseum.org/a-journey-through-china.../,https://blog.britishmuseum.org/a-journey-through-china.../,The 1421 Foundation,26/03/2020,11:59,1,1,1,post098_orga_journey_through_china
99,https://www.facebook.com/1421foundation/posts/2360609990660186?ref=embed_post,https://www.insidescience.org/.../mounting-evidence...,https://www.insidescience.org/.../mounting-evidence...,The 1421 Foundation,02/09/2019,10:43,1,2,1,post099_httpswwwinsidescienceorgmounting
100,https://www.facebook.com/1421foundation/posts/2340758555978663?ref=embed_post,https://www.bbc.co.uk/news/uk-england-hampshire-49405708,https://www.bbc.co.uk/news/uk-england-hampshire-49405708,The 1421 Foundation,22/08/2019,13:00,1,1,1,post100_uknewsuk_england_hampshire_49405708
101,https://www.facebook.com/1421foundation/posts/2325268650860987?ref=embed_post,"For anyone interested, Ian had a nice chat with Cliff Dunning for his """"""""Earth Ancients"""""""" podcast - l","For anyone interested, Ian had a nice chat with Cliff Dunning for his """"Earth Ancients"""" podcast - listen here from 45 mins in:",The 1421 Foundation,13/08/2019,14:32,23,1,1,post101_For_anyone_interested_Ian_had_a_nice
102,https://www.facebook.com/1421foundation/posts/2147943658593488?ref=embed_post,"Is this another nail in the coffin for the """"""""Clovis First"""""""" theory","Is this another nail in the coffin for the """"Clovis First"""" theory? https://bit.ly/2UL44oh",The 1421 Foundation,30/04/2019,12:18,13,1,2,post102_Is_this_another_nail_in_the_coffin_for
103,https://www.facebook.com/1421foundation/posts/2106586206062567?ref=embed_post,Just like we discussed in '1434': Archaeological discoveries suggest China-Europe maritime ceramic t,Just like we discussed in '1434': Archaeological discoveries suggest China-Europe maritime ceramic trade 500 years older than thought http://www.xinhuanet.com/english/2019-03/28/c_137931434.htm,The 1421 Foundation,03/04/2019,15:58,19,6,1,post103_Just_like_we_discussed_in_1434
96,https://www.facebook.com/1421foundation/posts/2796373053750542?ref=embed_post,Fascinating video by our friend Dr Wilkinson who is carrying out some ground-breaking research,Fascinating video by our friend Dr Wilkinson who is carrying out some ground-breaking research:,The 1421 Foundation,31/03/2020,11:39,14,1,1,post096_Fascinating_video_by_our_friend_Dr
97,https://www.facebook.com/1421foundation/posts/2787667221287792?ref=embed_post,Amazing - please download and share,Amazing - please download and share!,The 1421 Foundation,27/03/2020,09:23,6,0,1,post097_Amazing_please_download_and_share
107,https://www.facebook.com/1421foundation/posts/1993101600744362?ref=embed_post,"We use cookies from other companies in order to show you ads off our Products, and provide features","We use cookies from other companies in order to show you ads off our Products, and provide features such as maps, payment services and video.",The 1421 Foundation,11/01/2019,16:43,25,1,1,post107_Isnt_it_early_for_April_fools
105,https://www.facebook.com/1421foundation/posts/2025336984187490?ref=embed_post,Very interested to learn more about this find - it would be great if it turns out to further support,Very interested to learn more about this find - it would be great if it turns out to further support Gavin's research! What do you think The Sydney Morning Herald?,The 1421 Foundation,04/02/2019,15:22,30,1,1,post105_Very_interested_to_learn_more_about
109,https://www.facebook.com/1421foundation/posts/1942267009161155?ref=embed_post,https://www.livescience.com/61882-skull-of-oldest...,https://www.livescience.com/61882-skull-of-oldest...,The 1421 Foundation,05/12/2018,12:05,1,1,1,post109_com61882_skull_of_oldest
106,https://www.facebook.com/1421foundation/posts/1999733946747794?ref=embed_post,Deepak Chopra on leadership and Zheng He,Deepak Chopra on leadership and Zheng He:,The 1421 Foundation,16/01/2019,17:30,7,1,1,post106_Deepak_Chopra_on_leadership_and_Zheng_He
110,https://www.facebook.com/1421foundation/posts/1936803866374136?ref=embed_post,This Week in History: China Ends the Eunuch Era,Not the nicest read! This Week in History: China Ends the Eunuch Era,The 1421 Foundation,30/11/2018,14:46,13,0,1,post110_Not_the_nicest_read_This_Week_in
111,https://www.facebook.com/1421foundation/posts/1915972138457309?ref=embed_post,"We use cookies from other companies in order to show you ads off our Products, and provide features","We use cookies from other companies in order to show you ads off our Products, and provide features such as maps, payment services and video.",The 1421 Foundation,14/11/2018,11:08,25,1,1,post111_Decline_optional_cookies
113,https://www.facebook.com/1421foundation/posts/1859439047443952?ref=embed_post,"We use cookies from other companies in order to show you ads off our Products, and provide features","We use cookies from other companies in order to show you ads off our Products, and provide features such as maps, payment services and video.",The 1421 Foundation,03/10/2018,14:55,25,0,1,post113_The_book_after_this_re_chinese_gift
104,https://www.facebook.com/1421foundation/posts/2034655546588967?ref=embed_post,Bravo Siu-Leung Lee - this is essential reading - please share,Bravo Siu-Leung Lee - this is essential reading - please share!,The 1421 Foundation,11/02/2019,13:09,11,0,1,post104_Bravo_Siu_Leung_Lee_this_is_essential
112,https://www.facebook.com/1421foundation/posts/1884293321625191?ref=embed_post,Facebook Post 112,What an amazing find!,The 1421 Foundation,23/10/2018,11:47,4,1,1,post112_What_an_amazing_find
115,https://www.facebook.com/1421foundation/posts/1849052871815903?ref=embed_post,Looking forward to seeing the results: http://www,Looking forward to seeing the results: http://www.xinhuanet.com/english/2018-09/12/c_137463019.htm,The 1421 Foundation,24/09/2018,12:39,7,6,1,post115_Looking_forward_to_seeing_the_results
116,https://www.facebook.com/1421foundation/posts/1825098244211366?ref=embed_post,News from GavinMenzies.Net - September 2018,News from GavinMenzies.Net - September 2018,The 1421 Foundation,03/09/2018,13:59,6,1,2,post116_News_from_GavinMenziesNet_September_2018
117,https://www.facebook.com/1421foundation/posts/1755336374520887?ref=embed_post,"""""""""Historical records show Captain Zheng He had a short stop at Darwin in the early 15th century","""""Historical records show Captain Zheng He had a short stop at Darwin in the early 15th century. Australia was right on the route of the Maritime Silk Road. Today, as Chinese boats sail past Darwin 600 years later, Australians should have enough wisdom and vision to welcome them and come on board, sailing together with the Chinese toward common prosperity,"""" Wang Hao, deputy editor-in-chief of China Daily http://www.ecns.cn/.../2018.../detail-ifyvzyvz7264419.shtml",The 1421 Foundation,19/07/2018,13:21,68,4,1,post117_Historical_records_show_Captain_Zheng
108,https://www.facebook.com/1421foundation/posts/1960676673986855?ref=embed_post,"'1421' - """"""""making waves"""""""" since 2002","'1421' - """"making waves"""" since 2002!",The 1421 Foundation,18/12/2018,12:41,6,0,1,post108_1421_making_waves_since_2002
118,https://www.facebook.com/1421foundation/posts/1750753804979144?ref=embed_post,Wow - go and see it if you can,Wow - go and see it if you can!,The 1421 Foundation,16/07/2018,08:49,9,1,1,post118_Wow_go_and_see_it_if_you_can
120,https://www.facebook.com/1421foundation/posts/1721139484607243?ref=embed_post,Further proof of ancient sea trading,Further proof of ancient sea trading:,The 1421 Foundation,26/06/2018,12:54,6,1,1,post120_Further_proof_of_ancient_sea_trading
114,https://www.facebook.com/1421foundation/posts/1850497355004788?ref=embed_post,This is pretty cool - what do you think,This is pretty cool - what do you think?,The 1421 Foundation,25/09/2018,18:33,9,1,1,post114_This_is_pretty_cool_what_do_you_think
121,https://www.facebook.com/1421foundation/posts/1713786255342566?ref=embed_post,"Gavin, Marcella and Ian Hudson had a great meeting with Phoenix TV representatives at the British Mu","Gavin, Marcella and Ian Hudson had a great meeting with Phoenix TV representatives at the British Museum last week!",,21/06/2018,13:43,19,1,0,post121_Gavin_Marcella_and_Ian_Hudson_had_a
119,https://www.facebook.com/1421foundation/posts/1745175698870288?ref=embed_post,Facebook Post 119,Another big discovery:,The 1421 Foundation,12/07/2018,14:56,3,1,1,post119_Another_big_discovery
122,https://www.facebook.com/1421foundation/posts/1695069083880950?ref=embed_post,Another interesting twist to this ongoing saga,Another interesting twist to this ongoing saga:,The 1421 Foundation,06/06/2018,12:21,7,0,1,post122_Another_interesting_twist_to_this
123,https://www.facebook.com/1421foundation/posts/1682875771766948?ref=embed_post,Great find: https://www.washingtonpost.com/.../robot-submarine.../...,Great find: https://www.washingtonpost.com/.../robot-submarine.../...,The 1421 Foundation,24/05/2018,15:57,3,1,1,post123_Great_find
126,https://www.facebook.com/1421foundation/posts/1605596809494845?ref=embed_post,We are about to drastically improve our 1421 Foundation website ( www,"Calling all creatives! We are about to drastically improve our 1421 Foundation website ( www.1421foundation.org ) and are looking for collaborators with ideas about design, imagery and content. Please send your suggestions to info@1421foundation.org Please share with your friends too - we look forward to hearing from you!",The 1421 Foundation,08/03/2018,12:38,48,0,1,post126_Calling_all_creatives_We_are_about_to
127,https://www.facebook.com/1421foundation/posts/1574965785891281?ref=embed_post,Facebook Post 127,What an amazing new find:,The 1421 Foundation,05/02/2018,11:25,5,1,1,post127_What_an_amazing_new_find
125,https://www.facebook.com/1421foundation/posts/1633949826659543?ref=embed_post,Thanks for the mention Gina,Thanks for the mention Gina!,The 1421 Foundation,04/04/2018,14:31,5,1,1,post125_Thanks_for_the_mention_Gina
128,https://www.facebook.com/1421foundation/posts/1572323072822219?ref=embed_post,Facebook Post 128,Looking forward to this!,The 1421 Foundation,02/02/2018,12:06,4,1,2,post128_Looking_forward_to_this
129,https://www.facebook.com/1421foundation/posts/1559155637472296?ref=embed_post,If you're going to be in London on Tuesday 13th February please come to this,If you're going to be in London on Tuesday 13th February please come to this! https://www.facebook.com/SESexplore/posts/1574899195892161,The 1421 Foundation,19/01/2018,16:34,16,1,1,post129_If_youre_going_to_be_in_London_on
130,https://www.facebook.com/1421foundation/posts/1544318685622658?ref=embed_post,"Happy New Year, one and all","Happy New Year, one and all! In all of our excitement we forgot to post our latest newsletter - please read it here and feel free to share: http://campaign.r20.constantcontact.com/render...",The 1421 Foundation,03/01/2018,17:33,29,3,1,post130_Happy_New_Year_one_and_all_In_all_of
131,https://www.facebook.com/1421foundation/posts/1517976481590212?ref=embed_post,Are you signed up to the GavinMenzies newsletter,Are you signed up to the GavinMenzies newsletter? We will be sending one out soon. We'll also be giving out signed books at random to lucky readers who sign up to the newsletter and/or share our page!,The 1421 Foundation,05/12/2017,17:07,37,2,1,post131_Are_you_signed_up_to_the_GavinMenzies
124,https://www.facebook.com/1421foundation/posts/1640234192697773?ref=embed_post,This was made several years ago with a view to geting a full-length documentary made,Look what Ian just found! This was made several years ago with a view to geting a full-length documentary made. Can any of you out there help make that dream a reality?,The 1421 Foundation,10/04/2018,19:11,32,1,1,post124_Look_what_Ian_just_found_This_was_made
135,https://www.facebook.com/1421foundation/posts/1478398212214706?ref=embed_post,"We use cookies from other companies in order to show you ads off our Products, and provide features","We use cookies from other companies in order to show you ads off our Products, and provide features such as maps, payment services and video.",The 1421 Foundation,24/10/2017,13:51,25,1,1,post135_Andrew_Furness_Alun_Davies_8y
134,https://www.facebook.com/1421foundation/posts/1490382414349619?ref=embed_post,https://www.independent.co.uk/.../prehistoric-menhir...,https://www.independent.co.uk/.../prehistoric-menhir...,The 1421 Foundation,06/11/2017,15:14,1,1,1,post134_httpswwwindependentcoukprehistoric
132,https://www.facebook.com/1421foundation/posts/1496560333731827?ref=embed_post,"This is something we discuss in detail in our second book, '1434' - worth a read if you haven't done","This is something we discuss in detail in our second book, '1434' - worth a read if you haven't done so already. https://archaeologynewsnetwork.blogspot.co.uk/.../east...",The 1421 Foundation,13/11/2017,13:35,23,3,1,post132_This_is_something_we_discuss_in_detail
138,https://www.facebook.com/1421foundation/posts/1426239414097253?ref=embed_post,http://www.sciencemag.org/.../most-archaeologists-think...,http://www.sciencemag.org/.../most-archaeologists-think...,The 1421 Foundation,23/08/2017,18:00,1,1,1,post138_most_archaeologists_think
137,https://www.facebook.com/1421foundation/posts/1427897723931422?ref=embed_post,"We use cookies from other companies in order to show you ads off our Products, and provide features","We use cookies from other companies in order to show you ads off our Products, and provide features such as maps, payment services and video.",The 1421 Foundation,25/08/2017,17:07,25,1,1,post137_Decline_optional_cookies
133,https://www.facebook.com/1421foundation/posts/1490461394341721?ref=embed_post,"We use cookies from other companies in order to show you ads off our Products, and provide features","We use cookies from other companies in order to show you ads off our Products, and provide features such as maps, payment services and video.",The 1421 Foundation,06/11/2017,17:06,25,1,1,post133_Alethes_Verus_Wonderful_news
140,https://www.facebook.com/1421foundation/posts/1394879337233261?ref=embed_post,New find in Australia: http://www,New find in Australia: http://www.bbc.co.uk/news/world-australia-40651473...,The 1421 Foundation,20/07/2017,15:53,5,2,1,post140_New_find_in_Australia
142,https://www.facebook.com/1421foundation/posts/1343418912379304?ref=embed_post,Another fascinating find: http://www,Another fascinating find: http://www.telegraph.co.uk/.../europe-birthplace-mankind.../,The 1421 Foundation,29/05/2017,15:24,4,1,1,post142_Another_fascinating_find
143,https://www.facebook.com/1421foundation/posts/1316077065113489?ref=embed_post,This is amazing! https://www.newscientist.com/.../2129042-first-americans...,This is amazing! https://www.newscientist.com/.../2129042-first-americans...,The 1421 Foundation,27/04/2017,15:04,4,1,1,post143_This_is_amazing
139,https://www.facebook.com/1421foundation/posts/1405737689480759?ref=embed_post,New find in Africa: http://news,New find in Africa: http://news.xinhuanet.com/english/2017-07/29/c_136481481.htm,The 1421 Foundation,31/07/2017,14:34,5,7,1,post139_New_find_in_Africa
145,https://www.facebook.com/1421foundation/posts/1272917782762751?ref=embed_post,"Ian Hudson will be travelling to Shanghai and Kunming, 20th - 27th March","Ian Hudson will be travelling to Shanghai and Kunming, 20th - 27th March. Please contact him if you'd like to learn more: ian@gavinmenzies.net",The 1421 Foundation,16/03/2017,12:27,23,0,0,post145_Ian_Hudson_will_be_travelling_to
146,https://www.facebook.com/1421foundation/posts/1259440620777134?ref=embed_post,Not as big as a treasure ship but nice enough,Not as big as a treasure ship but nice enough! http://uk.businessinsider.com/athena-largest-sailing...,The 1421 Foundation,01/03/2017,15:15,11,0,0,post146_Not_as_big_as_a_treasure_ship_but_nice
144,https://www.facebook.com/1421foundation/posts/1284581778263018?ref=embed_post,Here's a link to the ceremony marking Gavin's donation of his research papers and books to Yunnan Un,"Here's a link to the ceremony marking Gavin's donation of his research papers and books to Yunnan University, attended by Ian Hudson: http://www.news.ynu.edu.cn/xysd/2017-03-27/0-6-11828.html",The 1421 Foundation,29/03/2017,12:04,23,4,1,post144_Heres_a_link_to_the_ceremony_marking
141,https://www.facebook.com/1421foundation/posts/1360853810635814?ref=embed_post,https://www.youtube.com/watch?v=IMFeZ6zhVUI&feature=share,https://www.youtube.com/watch?v=IMFeZ6zhVUI&feature=share,The 1421 Foundation,16/06/2017,12:16,1,1,1,post141_vIMFeZ6zhVUIfeatureshare
147,https://www.facebook.com/1421foundation/posts/1249367058451157?ref=embed_post,News from GavinMenzies.Net - February 2017,News from GavinMenzies.Net - February 2017,The 1421 Foundation,17/02/2017,15:28,6,1,2,post147_News_from_GavinMenziesNet_February_2017
149,https://www.facebook.com/1421foundation/posts/1192001607521036?ref=embed_post,Who feels like spreading some Christmas cheer,"Hello friends! Who feels like spreading some Christmas cheer? We are looking for volunteers to advise us on web design, marketing and fundraising. If anyone can help please email Ian Hudson: ian@gavinmenzies.net",The 1421 Foundation,19/12/2016,18:18,32,0,0,post149_Hello_friends_Who_feels_like_spreading
148,https://www.facebook.com/1421foundation/posts/1227405367313993?ref=embed_post,Fascinating! https://www.theguardian.com/.../new-technologies-bring...,Fascinating! https://www.theguardian.com/.../new-technologies-bring...,The 1421 Foundation,24/01/2017,18:00,2,1,1,post148_Fascinating_httpswwwtheguardiancomnew
150,https://www.facebook.com/1421foundation/posts/1122529071134957?ref=embed_post,Interesting! http://www.telegraph.co.uk/.../famed-chinese-terracotta.../,Interesting! http://www.telegraph.co.uk/.../famed-chinese-terracotta.../,The 1421 Foundation,13/10/2016,15:34,2,1,1,post150_Interesting_httpwwwtelegraphcoukfamed
152,https://www.facebook.com/1421foundation/posts/1112126912175173?ref=embed_post,This is pretty cool: http://www,This is pretty cool: http://www.independent.co.uk/.../chinese-skeleton...,The 1421 Foundation,30/09/2016,15:36,5,0,1,post152_This_is_pretty_cool
151,https://www.facebook.com/1421foundation/posts/1115152105205987?ref=embed_post,Lee is giving an interesting talk on Friday: https://easc,Dr. S.L. Lee is giving an interesting talk on Friday: https://easc.osu.edu/events/ics/siu-leung-lee,The 1421 Foundation,04/10/2016,11:04,11,0,1,post151_Dr_SL_Lee_is_giving_an_interesting_talk
136,https://www.facebook.com/1421foundation/posts/1443887122332482?ref=embed_post,Is anybody in Spain next week,Is anybody in Spain next week? Our friends Lynda Nutter and Jill Thompson-White will will be presenting their paper on Chinese astronomy at www.roadtothestars.org in Santiago de Compostela. Please email us at zhenghe@gavinmenzies.net for further details.,The 1421 Foundation,13/09/2017,17:39,36,1,2,post136_Is_anybody_in_Spain_next_week_Our
153,https://www.facebook.com/1421foundation/posts/1108585175862680?ref=embed_post,https://archaeologynewsnetwork.blogspot.co.uk/.../antikyt...,https://archaeologynewsnetwork.blogspot.co.uk/.../antikyt...,The 1421 Foundation,26/09/2016,12:19,1,3,1,post153_httpsarchaeologynewsnetworkblogspotcouka
154,https://www.facebook.com/1421foundation/posts/1073179556069909?ref=embed_post,Facebook Post 154,Have you checked this out?,The 1421 Foundation,12/08/2016,07:35,5,1,1,post154_Have_you_checked_this_out
155,https://www.facebook.com/1421foundation/posts/1072643999456798?ref=embed_post,We told you so! http://uk.businessinsider.com/new-archaeology-study-shows-how-the-first-people-came-to-north-america-201,We told you so! http://uk.businessinsider.com/new-archaeology-study-shows-how-the-first-people-came-to-north-america-2016-8?utm_content=buffer6c204&utm_medium=social&utm_source=facebook.com&utm_campaign=buffer-ti?r=US&IR=T,The 1421 Foundation,11/08/2016,14:47,5,0,0,post155_We_told_you_so
156,https://www.facebook.com/1421foundation/posts/1049615805092951?ref=embed_post,"Some information below on Charlotte Harris Rees' upcoming presentations: July 5, 2016 - """"""""Did Ancien","Hi all! Some information below on Charlotte Harris Rees' upcoming presentations: July 5, 2016 - """"Did Ancient Chinese Explore America?"""" Richmond Library, Brighouse Branch Richmond, BC 7-7:30 p.m. Pre-registration at www.yourlibrary.ca/events is required. July 6, 2016 Workshop by Charlotte on """"Did Ancient Chinese Explore America?"""" International Conference of International Society for Study of Chinese Overseas (ISSCO) University of British Columbia Vancouver, BC",The 1421 Foundation,05/07/2016,16:31,62,0,1,post156_Hi_all_Some_information_below_on
157,https://www.facebook.com/1421foundation/posts/1049615805092951?ref=embed_post,"Some information below on Charlotte Harris Rees' upcoming presentations: July 5, 2016 - """"""""Did Ancien","Hi all! Some information below on Charlotte Harris Rees' upcoming presentations: July 5, 2016 - """"Did Ancient Chinese Explore America?"""" Richmond Library, Brighouse Branch Richmond, BC 7-7:30 p.m. Pre-registration at www.yourlibrary.ca/events is required. July 6, 2016 Workshop by Charlotte on """"Did Ancient Chinese Explore America?"""" International Conference of International Society for Study of Chinese Overseas (ISSCO) University of British Columbia Vancouver, BC",The 1421 Foundation,05/07/2016,16:31,62,0,1,post157_Hi_all_Some_information_below_on
158,https://www.facebook.com/1421foundation/posts/1027119670675898?ref=embed_post,http://www.postandcourier.com/.../topper-site-find...,http://www.postandcourier.com/.../topper-site-find...,The 1421 Foundation,25/05/2016,15:52,1,1,1,post158_httpwwwpostandcouriercomtopper_site_find
159,https://www.facebook.com/1421foundation/posts/1019259631461902?ref=embed_post,http://www.independent.co.uk/.../forgotten-mayan-city...,http://www.independent.co.uk/.../forgotten-mayan-city...,The 1421 Foundation,10/05/2016,22:03,1,0,1,post159_forgotten_mayan_city
160,https://www.facebook.com/1421foundation/posts/1014963198558212?ref=embed_post,http://www.thetimes.co.uk/.../fa9970dc-10f3-11e6-bd58...,http://www.thetimes.co.uk/.../fa9970dc-10f3-11e6-bd58...,The 1421 Foundation,03/05/2016,10:32,1,1,1,post160_fa9970dc_10f3_11e6_bd58
161,https://www.facebook.com/1421foundation/posts/988055137915685?ref=embed_post,Oldest Archaeological Find Dug Up in Costa Rica: http://www,Oldest Archaeological Find Dug Up in Costa Rica: http://www.costaricantimes.com/oldest.../45144,The 1421 Foundation,23/03/2016,14:28,9,0,1,post161_Oldest_Archaeological_Find_Dug_Up_in
162,https://www.facebook.com/1421foundation/posts/983608495027016?ref=embed_post,This is a great watch for anyone in UK: http://www,This is a great watch for anyone in UK: http://www.bbc.co.uk/.../the-story-of-china-4-the-ming,The 1421 Foundation,17/03/2016,16:12,10,1,1,post162_This_is_a_great_watch_for_anyone_in_UK
163,https://www.facebook.com/1421foundation/posts/930955420292324?ref=embed_post,Here's a link to our latest newsletter,Here's a link to our latest newsletter. Please share! http://bit.ly/1QArnLM,The 1421 Foundation,11/12/2015,13:21,10,1,1,post163_Heres_a_link_to_our_latest_newsletter
164,https://www.facebook.com/1421foundation/posts/889866201067913?ref=embed_post,http://www.speroforum.com/.../76356-Bronze-Age-Greek-city...,http://www.speroforum.com/.../76356-Bronze-Age-Greek-city...,The 1421 Foundation,01/09/2015,12:44,1,1,1,post164_76356_Bronze_Age_Greek_city
165,https://www.facebook.com/1421foundation/posts/871280246259842?ref=embed_post,http://focustaiwan.tw/news/aedu/201507130030.aspx,http://focustaiwan.tw/news/aedu/201507130030.aspx,The 1421 Foundation,22/07/2015,12:28,1,1,1,post165_twnewsaedu201507130030
166,https://www.facebook.com/1421foundation/posts/838974539490413?ref=embed_post,Builders unearth 'ancient shipyard of China's Columbus' http://t,Builders unearth 'ancient shipyard of China's Columbus' http://t.co/BDmLjJcIIc,The 1421 Foundation,12/05/2015,10:06,8,1,1,post166_Builders_unearth_ancient_shipyard_of
167,https://www.facebook.com/1421foundation/posts/838634682857732?ref=embed_post,New evidence of ancient Chinese explorers in America,New evidence of ancient Chinese explorers in America? http://t.co/cedXTcjuAF,The 1421 Foundation,11/05/2015,13:28,9,1,1,post167_New_evidence_of_ancient_Chinese
168,https://www.facebook.com/1421foundation/posts/834397693281431?ref=embed_post,Net - April 2015 http://conta,News from GavinMenzies.Net - April 2015 http://conta.cc/1DN9AYl,The 1421 Foundation,30/04/2015,17:54,7,1,2,post168_News_from_GavinMenziesNet_April_2015
169,https://www.facebook.com/1421foundation/posts/833790543342146?ref=embed_post,There's a new newsletter coming out shortly - watch this space folks,There's a new newsletter coming out shortly - watch this space folks!,The 1421 Foundation,29/04/2015,10:31,12,0,0,post169_Theres_a_new_newsletter_coming_out
170,https://www.facebook.com/1421foundation/posts/829898563731344?ref=embed_post,Evidence of pre-Columbian trade found in Alaska: http://t,Evidence of pre-Columbian trade found in Alaska: http://t.co/Afqa9hXYAd,The 1421 Foundation,20/04/2015,11:43,8,1,1,post170_Evidence_of_pre_Columbian_trade_found
171,https://www.facebook.com/1421foundation/posts/798669826854218?ref=embed_post,Thank you all for your continued support,1002 likes - woooo hooo! Thank you all for your continued support!,The 1421 Foundation,16/02/2015,16:39,12,0,0,post171_1002_likes_woooo_hooo_Thank_you_all_for
172,https://www.facebook.com/1421foundation/posts/798641873523680?ref=embed_post,Here's the latest newsletter from our friends at the Pleistocene Coalition: http://pleistocenecoalit,Here's the latest newsletter from our friends at the Pleistocene Coalition: http://pleistocenecoalition.com/.../january-february2015.pdf,The 1421 Foundation,16/02/2015,16:03,12,0,1,post172_Heres_the_latest_newsletter_from_our
173,https://www.facebook.com/1421foundation/posts/766341440087057?ref=embed_post,net - December 2014 http://conta,News from GavinMenzies.net - December 2014 http://conta.cc/1snMqT0,The 1421 Foundation,12/12/2014,13:00,7,1,2,post173_News_from_GavinMenziesnet_December_2014
174,https://www.facebook.com/1421foundation/posts/765905613463973?ref=embed_post,Have you signed up to our newsletter,Have you signed up to our newsletter? If you want to keep up to date with our ongoing research please subscribe at www.gavinmenzies.net We'll be sending out the December newsletter tomorrow!,The 1421 Foundation,11/12/2014,11:09,31,1,1,post174_Have_you_signed_up_to_our_newsletter_If
175,https://www.facebook.com/1421foundation/posts/764616763592858?ref=embed_post,"We are very pleased to announce that the paperback edition of """"""""Who Discovered America","We are very pleased to announce that the paperback edition of """"Who Discovered America?"""" is now available from all good book stores. It contains 16 pages of new evidence, gathered since first publication in 2013, and, like all of the other books, it will make a great Christmas present! http://www.gavinmenzies.net/books/",The 1421 Foundation,08/12/2014,16:25,50,0,1,post175_We_are_very_pleased_to_announce_that
176,https://www.facebook.com/1421foundation/posts/755076184546916?ref=embed_post,Interesting: http://www.theguardian.com/.../muslims-discovered-america...,Interesting: http://www.theguardian.com/.../muslims-discovered-america...,The 1421 Foundation,17/12/2014,16:10,2,0,1,post176_Interesting
177,https://www.facebook.com/1421foundation/posts/739715142749687?ref=embed_post,Thank you @MT_editorial and @Foyles http://t,Thank you @MT_editorial and @Foyles http://t.co/GoMG98K78P Looking forward to paperback launch on Nov 25th #discovery #history #cool,The 1421 Foundation,14/10/2014,11:50,17,1,1,post177_Thank_you_MT_editorial_and_Foyles
178,https://www.facebook.com/1421foundation/posts/733191076735427?ref=embed_post,"This is a """"""""must-see"""""""" for anyone in London: http://www","This is a """"must-see"""" for anyone in London: http://www.britishmuseum.org/wha.../exhibitions/ming.aspx...",The 1421 Foundation,01/10/2014,13:17,9,2,1,post178_This_is_a_must_see_for_anyone_in_London
179,https://www.facebook.com/1421foundation/posts/731739536880581?ref=embed_post,We told you so! http://www.telegraph.co.uk/.../Did-Marco-Polo-discover...,We told you so! http://www.telegraph.co.uk/.../Did-Marco-Polo-discover...,The 1421 Foundation,27/09/2014,21:02,5,1,1,post179_We_told_you_so_httpwwwtelegraphcoukDid
180,https://www.facebook.com/1421foundation/posts/727030237351511?ref=embed_post,net - September 2014 http://conta,News from GavinMenzies.net - September 2014 http://conta.cc/1BJj6fy,The 1421 Foundation,16/09/2014,16:57,7,1,2,post180_News_from_GavinMenziesnet_September
181,https://www.facebook.com/1421foundation/posts/724444454276756?ref=embed_post,For anyone in Edinburgh this is worth a visit: http://www,For anyone in Edinburgh this is worth a visit: http://www.nms.ac.uk/nat.../whats-on/ming-the-golden-empire/,The 1421 Foundation,10/09/2014,12:11,10,1,1,post181_For_anyone_in_Edinburgh_this_is_worth_a
182,https://www.facebook.com/1421foundation/posts/715138425207359?ref=embed_post,http://www.ecns.cn/visual/hd/2014/07-23/44047.shtml,http://www.ecns.cn/visual/hd/2014/07-23/44047.shtml,The 1421 Foundation,20/08/2014,17:49,1,1,1,post182_cnvisualhd201407_2344047
183,https://www.facebook.com/1421foundation/posts/710895282298340?ref=embed_post,A good find in Australia: http://www,A good find in Australia: http://www.abc.net.au/.../old-chinese-coin-found.../5660382,The 1421 Foundation,11/08/2014,16:22,6,1,1,post183_A_good_find_in_Australia
184,https://www.facebook.com/1421foundation/posts/697037750350760?ref=embed_post,""""""""" is out in audiobook form","""""Who Discovered America?"""" is out in audiobook form! Sample it here: http://amblingbooks.com/books/view/who_discovered_america",The 1421 Foundation,16/07/2014,10:47,12,1,1,post184_Who_Discovered_America_is_out_in
186,https://www.facebook.com/1421foundation/posts/10203427967844065?ref=embed_post,Here's a good review by Dwight Murphey: http://t,Here's a good review by Dwight Murphey: http://t.co/8hxy6J0aff,The 1421 Foundation,07/03/2014,15:14,8,0,1,post186_Heres_a_good_review_by_Dwight_Murphey
185,https://www.facebook.com/1421foundation/posts/658221340899068?ref=embed_post,net - April 2014 http://conta,News from GavinMenzies.net - April 2014 http://conta.cc/1hJAtAw,The 1421 Foundation,28/04/2014,18:13,7,0,2,post185_News_from_GavinMenziesnet_April_2014
187,https://www.facebook.com/1421foundation/posts/630558713665331?ref=embed_post,We need some help with the editing of our new evidence,"Hello all! We need some help with the editing of our new evidence. Would any of you be able to spare us an hour or so of your time? It would be unpaid, but hopefully will produce some interesting results! If you can help, please email my colleague Ian Hudson ( ian@gavinmenzies.net ) who will give you your instructions! Many thanks in advance, Gavin and Ian",The 1421 Foundation,25/02/2014,19:07,66,0,0,post187_Hello_all_We_need_some_help_with_the
188,https://www.facebook.com/1421foundation/posts/630017757052760?ref=embed_post,This looks like a good read: http://t,This looks like a good read: http://t.co/FZEanNwMQD,The 1421 Foundation,24/02/2014,13:01,7,0,1,post188_This_looks_like_a_good_read
189,https://www.facebook.com/1421foundation/posts/10203323730958208?ref=embed_post,"Nothing new here, but interesting nonetheless: https://t","Nothing new here, but interesting nonetheless: https://t.co/n02FcUtYN6",The 1421 Foundation,21/02/2014,13:07,7,1,1,post189_Nothing_new_here_but_interesting
190,https://www.facebook.com/1421foundation/posts/10203026151518908?ref=embed_post,January 2014 newsletter http://conta,January 2014 newsletter http://conta.cc/1hE0Ixz,The 1421 Foundation,10/01/2014,18:22,4,0,1,post190_January_2014_newsletter
191,https://www.facebook.com/1421foundation/posts/609825092405360?ref=embed_post,This will be fantastic: http://www,This will be fantastic: http://www.standard.co.uk/.../treasures-reveal-golden-age...,The 1421 Foundation,09/01/2014,14:18,5,0,1,post191_This_will_be_fantastic
192,https://www.facebook.com/1421foundation/posts/591051787616024?ref=embed_post,Facebook Post 192,http://t.co/ZtuMSeiaRx,The 1421 Foundation,27/11/2013,09:54,1,1,2,post192_httptcoZtuMSeiaRx
193,https://www.facebook.com/1421foundation/posts/573450142709522?ref=embed_post,Was Leonardo da vinci influenced by Chinese art,Was Leonardo da vinci influenced by Chinese art? http://www.theguardian.com/.../21/china-landscape-painting,The 1421 Foundation,22/10/2013,13:50,9,0,1,post193_Was_Leonardo_da_vinci_influenced_by
194,https://www.facebook.com/1421foundation/posts/570619726325897?ref=embed_post,This will be good: http://www,Anyone in CA tomorrow? This will be good: http://www.vcmm.org/?q=node/3,The 1421 Foundation,16/10/2013,21:20,9,1,1,post194_Anyone_in_CA_tomorrow_This_will_be_good
195,https://www.facebook.com/1421foundation/posts/570080119713191?ref=embed_post,"Listen to Gavin's interviews on """"""""Coast to Coast AM"""""""" here: http://t","Listen to Gavin's interviews on """"Coast to Coast AM"""" here: http://t.co/UdiGABXzEA",The 1421 Foundation,15/10/2013,19:16,11,1,1,post195_Listen_to_Gavins_interviews_on_Coast_to
196,https://www.facebook.com/1421foundation/posts/567246689996534?ref=embed_post,"Gavin's co-author Ian Hudson is interviewed on """"""""Butler on Business"""""""" http://www","Gavin's co-author Ian Hudson is interviewed on """"Butler on Business"""" http://www.butleronbusiness.com/show-archives.html",The 1421 Foundation,10/10/2013,12:35,11,0,1,post196_Gavins_co_author_Ian_Hudson_is
197,https://www.facebook.com/1421foundation/posts/566725090048694?ref=embed_post,http://news.yahoo.com/.../chinese-explorer-may-have...,http://news.yahoo.com/.../chinese-explorer-may-have...,The 1421 Foundation,09/10/2013,12:36,1,1,1,post197_chinese_explorer_may_have
199,https://www.facebook.com/1421foundation/posts/10202260066047250?ref=embed_post,Our new book goes on sale today,Our new book goes on sale today! http://www.harpercollins.com/.../Who-Discovered-America-/...,The 1421 Foundation,08/10/2013,12:36,8,0,1,post199_Our_new_book_goes_on_sale_today
198,https://www.facebook.com/1421foundation/posts/566530423401494?ref=embed_post,A new piece in the Mail online edition: http://www,A new piece in the Mail online edition: http://www.dailymail.co.uk/.../Who-Discovered-America...,The 1421 Foundation,08/10/2013,22:27,9,0,1,post198_A_new_piece_in_the_Mail_online_edition
200,https://www.facebook.com/1421foundation/posts/564214410299762?ref=embed_post,My publisher is giving away 5 advance copies of WHO DISCOVERED AMERICA,My publisher is giving away 5 advance copies of WHO DISCOVERED AMERICA? Share this post from William Morrow to enter to win.,The 1421 Foundation,03/10/2013,14:40,22,1,0,post200_My_publisher_is_giving_away_5_advance
201,https://www.facebook.com/1421foundation/posts/563608777026992?ref=embed_post,This conference comes highly recommended,This conference comes highly recommended! http://t.co/QKj4G2J5Bo,The 1421 Foundation,01/10/2013,21:49,6,0,1,post201_This_conference_comes_highly
202,https://www.facebook.com/1421foundation/posts/562979673756569?ref=embed_post,Excited for the publication of our friend Charlotte Harris Rees' new book: http://t,Excited for the publication of our friend Charlotte Harris Rees' new book: http://t.co/kWHPo7SdwP,The 1421 Foundation,30/09/2013,18:00,13,1,2,post202_Excited_for_the_publication_of_our
203,https://www.facebook.com/1421foundation/posts/562586557129214?ref=embed_post,It's my viewpoint based on MY studies of history,"Yea but so what? It's only your opinion. It's my viewpoint based on MY studies of history. If you want to be insulting about it instead of talking with reason and logic, that tells me more about you than about the type of history you think is being taught. One of """"these people""""??????",The 1421 Foundation,29/09/2013,17:06,53,1,1,post203_Yea_but_so_what_Its_only_your_opinion
205,https://www.facebook.com/1421foundation/posts/540548619333008?ref=embed_post,Rock art may show Australia's first foreigners: http://t,Rock art may show Australia's first foreigners: http://t.co/AIAdW7FgLw,The 1421 Foundation,08/08/2013,11:32,8,0,1,post205_Rock_art_may_show_Australias_first
204,https://www.facebook.com/1421foundation/posts/557174274337109?ref=embed_post,"Net, September 2013 http://conta","News from GavinMenzies.Net, September 2013 http://conta.cc/1elcdIf",The 1421 Foundation,17/09/2013,15:41,6,1,2,post204_News_from_GavinMenziesNet_September
206,https://www.facebook.com/1421foundation/posts/511563145564889?ref=embed_post,net - May 2013 http://conta,News from GavinMenzies.net - May 2013 http://conta.cc/11Gbs6P,The 1421 Foundation,31/05/2013,18:09,7,1,2,post206_News_from_GavinMenziesnet_May_2013
208,https://www.facebook.com/1421foundation/posts/462061920531548?ref=embed_post,Here's a link to Gavin's latest interview on Capricorn Radio: http://www,Here's a link to Gavin's latest interview on Capricorn Radio: http://www.youtube.com/watch?v=t5Mw-v9oSwE,The 1421 Foundation,04/04/2013,12:15,11,1,1,post208_Heres_a_link_to_Gavins_latest_interview
207,https://www.facebook.com/1421foundation/posts/502958673092003?ref=embed_post,Not sure what to make of this,Not sure what to make of this! http://www.news-about-space.org/earth.../cluster35408133/,The 1421 Foundation,08/05/2013,11:41,8,0,2,post207_Not_sure_what_to_make_of_this
209,https://www.facebook.com/1421foundation/posts/231877413620556?ref=embed_post,Just came across this link: http://t,Just came across this link: http://t.co/W66kuZMjd1 We have asked Minas Tsikritsis for more details...,The 1421 Foundation,03/04/2013,12:17,14,1,1,post209_Just_came_across_this_link
210,https://www.facebook.com/1421foundation/posts/222314457914386?ref=embed_post,We are excited about the new expedition which will be launched by the Schurmann family in November,"We are excited about the new expedition which will be launched by the Schurmann family in November 2013, retracing the route of the 1421 Chinese voyage!",The 1421 Foundation,06/03/2013,14:06,26,0,0,post210_We_are_excited_about_the_new_expedition
211,https://www.facebook.com/1421foundation/posts/417203821698515?ref=embed_post,net - February 2013 http://conta,News from GavinMenzies.net - February 2013 http://conta.cc/13oDnZH,The 1421 Foundation,28/02/2013,13:31,7,0,2,post211_News_from_GavinMenziesnet_February_2013
212,https://www.facebook.com/1421foundation/posts/480079502028341?ref=embed_post,net - January 2013 http://conta,News from GavinMenzies.net - January 2013 http://conta.cc/WxzZCR,The 1421 Foundation,11/01/2013,16:31,7,1,3,post212_News_from_GavinMenziesnet_January_2013
214,https://www.facebook.com/1421foundation/posts/122494681241911?ref=embed_post,"Please read the PS section in the paperback of """"""""Atlantis"""""""" and let us know your thoughts","Please read the PS section in the paperback of """"Atlantis"""" and let us know your thoughts! http://www.harpercollins.com/.../Lost-Empire-Atlantis.../...",The 1421 Foundation,21/12/2012,17:56,17,1,2,post214_Please_read_the_PS_section_in_the
213,https://www.facebook.com/1421foundation/posts/313144305465611?ref=embed_post,net - December 2012 http://conta,News from GavinMenzies.net - December 2012 http://conta.cc/TJx2Cy,The 1421 Foundation,07/12/2012,15:10,7,1,3,post213_News_from_GavinMenziesnet_December_2012
215,https://www.facebook.com/1421foundation/posts/133008280175786?ref=embed_post,You can read our latest newsletter at the following link: http://archive,You can read our latest newsletter at the following link: http://archive.constantcontact.com/.../1110641642461.html,The 1421 Foundation,10/08/2012,13:28,11,1,1,post215_You_can_read_our_latest_newsletter_at
216,https://www.facebook.com/1421foundation/posts/310697362340843?ref=embed_post,you can read our latest newsletter here: http://archive,you can read our latest newsletter here: http://archive.constantcontact.com/.../1109861443407.html,The 1421 Foundation,01/05/2012,11:49,8,1,1,post216_you_can_read_our_latest_newsletter_here
218,https://www.facebook.com/1421foundation/posts/230921800307087?ref=embed_post,Gavin's latest interview with Scott Cluthe: http://t,Gavin's latest interview with Scott Cluthe: http://t.co/Pf3GxXjv,The 1421 Foundation,22/11/2011,14:13,7,1,2,post218_Gavins_latest_interview_with_Scott
217,https://www.facebook.com/1421foundation/posts/231442550271753?ref=embed_post,"for Londoners, Gavin will be giving a talk at the National Maritime Museum, Greenwich, Feb 15th, mor","for Londoners, Gavin will be giving a talk at the National Maritime Museum, Greenwich, Feb 15th, more details here: http://t.co/y0Yo8cuI",The 1421 Foundation,26/01/2012,11:13,20,0,2,post217_for_Londoners_Gavin_will_be_giving_a
219,https://www.facebook.com/1421foundation/posts/267972913244912?ref=embed_post,"We are pleased to announce that """"""""The Lost Empire of Atlantis"""""""" is published today in the USA and Ca","Hi! We are pleased to announce that """"The Lost Empire of Atlantis"""" is published today in the USA and Canada! More info here: http://www.harpercollins.com/.../Lost-Empire-Atlantis.../...",The 1421 Foundation,25/10/2011,21:11,24,1,2,post219_Hi_We_are_pleased_to_announce_that_The
220,https://www.facebook.com/1421foundation/posts/139059032862597?ref=embed_post,Gavin's interview with Kim Greenhouse can be accessed here: http://itsrainmakingtime,Gavin's interview with Kim Greenhouse can be accessed here: http://itsrainmakingtime.com/2011/gavinmenzies3,The 1421 Foundation,25/10/2011,21:10,10,0,2,post220_Gavins_interview_with_Kim_Greenhouse
221,https://www.facebook.com/1421foundation/posts/178932675519264?ref=embed_post,You can listen to Gavin's interview on Talk Radio Europe here: http://www,You can listen to Gavin's interview on Talk Radio Europe here: http://www.talkradioeurope.com/index.php...,The 1421 Foundation,06/10/2011,12:54,12,1,1,post221_You_can_listen_to_Gavins_interview_on
222,https://www.facebook.com/1421foundation/posts/6225788537475626?ref=embed_post,net - 23rd September 2011 http://conta,News from GavinMenzies.net - 23rd September 2011 http://conta.cc/nxCkyo,The 1421 Foundation,23/09/2011,15:16,8,0,2,post222_News_from_GavinMenziesnet_23rd
225,https://www.facebook.com/1421foundation/posts/258925100805671?ref=embed_post,"We are getting getting very excited about the publication of our new book """"""""The Lost Empire of Atlan","Hi all! We are getting getting very excited about the publication of our new book """"The Lost Empire of Atlantis"""" on 15th September. We are also re-launching our website then! Please sign up to our newsletter at www.gavinmenzies.net for more information!",The 1421 Foundation,12/09/2011,14:14,41,1,1,post225_Hi_all_We_are_getting_getting_very
224,https://www.facebook.com/1421foundation/posts/161808167236395?ref=embed_post,please check out our new book,"Hi all! please check out our new book! It is published today in UK by Orion, and will be published by Harper Collins in USA in October. We hope you like it! http://www.amazon.co.uk/.../ref=as_li_qf_sp_asin_il_tl...",The 1421 Foundation,15/09/2011,10:50,33,1,3,post224_Hi_all_please_check_out_our_new_book_It
223,https://www.facebook.com/1421foundation/posts/6225454640842349?ref=embed_post,net - 15th September 2011 http://conta,News from GavinMenzies.net - 15th September 2011 http://conta.cc/rnod9i,The 1421 Foundation,15/09/2011,17:23,8,0,2,post223_News_from_GavinMenziesnet_15th
226,https://www.facebook.com/1421foundation/posts/6224610444260102?ref=embed_post,net - September 2011 http://conta,News from GavinMenzies.net - September 2011 http://conta.cc/pQf2kb,The 1421 Foundation,01/09/2011,18:26,7,0,2,post226_News_from_GavinMenziesnet_September
229,https://www.facebook.com/1421foundation/posts/190070374380836?ref=embed_post,We are getting the second proofs of the new book back today - very exciting,We are getting the second proofs of the new book back today - very exciting!,The 1421 Foundation,21/07/2011,15:55,15,0,0,post229_We_are_getting_the_second_proofs_of_the
227,https://www.facebook.com/1421foundation/posts/145488142208592?ref=embed_post,http://www2.canada.com/albernivalleytimes/news/story.html...,http://www2.canada.com/albernivalleytimes/news/story.html...,The 1421 Foundation,01/09/2011,12:24,1,1,1,post227_comalbernivalleytimesnewsstory
228,https://www.facebook.com/1421foundation/photos/a.200071030047437/200071033380770/?type=3&ref=embed_post,"We use cookies from other companies in order to show you ads off our Products, and provide features","We use cookies from other companies in order to show you ads off our Products, and provide features such as maps, payment services and video.",The 1421 Foundation,03/08/2011,09:56,25,1,0,post228_Decline_optional_cookies
230,https://www.facebook.com/1421foundation/photos/a.187316247989582/187316281322912/?type=3&ref=embed_post,Can anyone tell me when this map was drawn,Can anyone tell me when this map was drawn? Amazing.,The 1421 Foundation,06/07/2011,11:39,10,1,1,post230_Can_anyone_tell_me_when_this_map_was
