﻿page_number,folder_name,url,title,content,author,word_count
11,13_Chapter011_Banks_Peninsula_Flea_Bay_Image_Gallery_011_481d,https://www.gavinmenzies.net/Evidence/11-banks-peninsula-flea-bay-image-gallery/,11 BANKS PENINSULA: Flea Bay Image Gallery - Gavin MenziesGavin Menzies,"11 BANKS PENINSULA: Flea Bay Image Gallery
View:
Complete 1421 listings
Posted on
August 16, 2011
BANKS PENINSULA: Flea Bay Image Galler
y
FLEA BAY, AKAROA, BANKS PENINSULA. (43d, 50′, 30S - 173d, 57′, 45E)
LOCATIONS OF CHINESE BARRACKS BLOCKS, HARBOURS AND SMELTING OPERATIONS.
3/2003
HEADLAND (EASTERN), FLEA BAY, BANKS PENINSULA, SOUTH ISLAND, NEW ZEALAND.
ROCKS OF VOLCANIC ORIGIN, RECESSED TO RECEIVE AND SECURE TIMBER UPRIGHTS.
(LIGHTHOUSE/SIGNAL STATION/OBSERVATORY) a WALLED STRUCTURE INCORPORATED MOST OF THESE BOULDERS. WITHIN THE WALLS WAS A BARRACK BLOCK.
2/2003
HEADLAND (EASTERN), FLEA BAY, BANKS PENINSULA, SOUTH ISLAND, NEW ZEALAND.
ROCKS OF VOLCANIC ORIGIN, RECESSED TO RECEIVE AND SECURE TIMBER UPRIGHTS.
(LIGHTHOUSE/SIGNAL STATION/OBSERVATORY) a WALLED STRUCTURE INCORPORATED MOST OF THESE BOULDERS. WITHIN THE WALLS WAS A BARRACK BLOCK.
2/2003
Comment:
If you have comments or suggestions on this article please click here
Chapter 1 - An adventure on Crete
»
Comments are closed.",Gavin Menzies,147
