﻿page_number,folder_name,url,title,content,author,word_count
29,13_Chapter029_The_Catlins_Cathedral_Caves_Image_Gallery_029_166c,https://www.gavinmenzies.net/Evidence/29-the-catlins-cathedral-caves-image-gallery/,29 THE CATLINS: Cathedral Caves Image Gallery - Gavin MenziesGavin Menzies,"29 THE CATLINS: Cathedral Caves Image Gallery
View:
Complete 1421 listings
Posted on
August 16, 2011
HE CATLINS: Cathedral Caves Image Gallery
CATHEDRAL CAVES, THE CATLINS. SOUTH ISLAND, NEW ZEALAND
PETROGLYPH OF FISH INSCRIBED ON THE WEST WALL AT THE REAR OF WESTERN CAVE AT HEAD HEIGHT.
THIS PETROGLYPH IS SIMILAR TO ONE OF THOSE LOCATED by THOR HEYERDAHL, on FATU, MARQUESAS ISLANDS. THE DESIGN IS UNKNOWN IN POLYNESIA
CATHEDRAL CAVES, THE CATLINS. SOUTH ISLAND, NEW ZEALAND
CAVE WITH 18m x 7m JUNK, STILL WITH IT'S ANCHORS OUT BURIED UNDER SAND.
2/2003
CATHEDRAL CAVES, THE CATLINS. SOUTH ISLAND, NEW ZEALAND
CAVE WITH 18m x 7m JUNK, STILL WITH IT'S ANCHORS OUT BURIED UNDER SAND.
2/2003
Comment:
If you have comments or suggestions on this article please click here
Chapter 1 - An adventure on Crete
»
Comments are closed.",Gavin Menzies,139
