﻿page_number,folder_name,url,title,content,author,word_count
46,13_Chapter046_Christchurch_Image_Gallery_046_19aa,https://www.gavinmenzies.net/Evidence/46-christchurch-image-gallery/,46 Christchurch image gallery - Gavin MenziesGavin Menzies,"46 Christchurch image gallery
View:
Complete 1421 listings
Posted on
August 16, 2011
Christchurch image gallery
Chinese city & protecting fort with visible ramparts. Botanic gardens, Christchurch, South Island, New Zealand
Christchurch, South Island, New Zealand, Botanic gardens.
The water garden area is based on th esite of the original harbour which served the Chinese city of Christchurch and the protecting fort.
Christchurch, South Island, New Zealand.
Adjacent to childrens play area. Botanic gardens.
The remains of the stone walled ramparts of the Chinese fort c 150m x 100m This fort guarded their adjacent walled city.
(172d, 37′ 05E, 43d, 31′, 39S)
Christchurch, South Island, New Zealand, Botanic gardens.
The remains of the stone walled ramparts of the Chinese city of Christchurch. Adjacent to Canterbury museum.
Modern steps access the Chinese city. (c400m x 90m)
Lower photo: Depression marks one of the city's gateway's.
(172d, 37′ 17E, 43d, 31′, 52S)
Comment:
If you have comments or suggestions on this article please click here
Chapter 1 - An adventure on Crete
»
Comments are closed.",Gavin Menzies,174
