﻿page_number,folder_name,url,title,content,author,word_count
15,03_Chapter015_The_World_Shown_On_The_Waldseemueller_We_015_46ae,https://www.gavinmenzies.net/Evidence/15-the-world-shown-on-the-waldseemueller-western-hemisphere-and-the-albertin-di-virga-eastern-hemisphere-combined/,15 The World shown on the Waldseemueller ( Western Hemisphere) and the Albertin di Virga (Eastern Hemisphere) - combined - Gavin MenziesGavin Menzies,"15 The World shown on the Waldseemueller ( Western Hemisphere) and the Albertin di Virga (Eastern Hemisphere) - combined
View:
Complete 1421 listings
Posted on
August 18, 2011
The World shown on the Waldseemueller ( Western Hemisphere) and the Albertin di Virga (Eastern Hemisphere) - combined
The whole world is shown on these two maps - all continents and all the oceans accurately displayed before Europeans reached those parts. In short the Pacific was shown before Balboa 'discovered' the ocean and before Magellan set sail. Australia appears on the 1410 chart three and a half centuries before Captain Cook; Africa is drawn with its triangular shape 10 years before the first of Henry the Navigator's caravels set sail. Brave and determined as they were, Dias, Cabral, da Gama, Columbus, Magellan, Ponce de Leon, Coronado, Verrazano, Cabrillo and Captain Cook discovered nothing new. The whole concept of the 'European Voyages of Exploration' is a fairy story. Antonio Galvao spoke the truth all those years ago when he claimed ('1421' - ch 4)
""""... In the yeere 1428 it is written that Dom Peter, the king of Portugal's eldest sonne was a great traveller. He went into England France, Almaine (Germany) and from thence into the Holy land, and to other places; and came home by Italie, taking Rome and Venice on his way: from whence he brought a map of the world, which had all the parts of the world and earth described. The Straight of Magelan was called in it the dragons taile: The cape of Boa Esperanca, the forefront of Afrike and so forth of other places: by which map Dom Henry the kings third sonne was much helped and furthered in his discoveries...""""
View map:
The whole world as shown on the Waldseemueller and di Virga maps
Comment:
If you have comments or suggestions on this article please click here
Chapter 1 - An adventure on Crete
»
Comments are closed.",Gavin Menzies,323
