﻿page_number,folder_name,url,title,content,author,word_count
17,13_Chapter017_Banks_Peninsula_Okains_Bay_Image_Gallery_017_9096,https://www.gavinmenzies.net/Evidence/17-banks-peninsula-okains-bay-image-gallery/,17 BANKS PENINSULA: Okains Bay Image Gallery - Gavin MenziesGavin Menzies,"17 BANKS PENINSULA: Okains Bay Image Gallery
View:
Complete 1421 listings
Posted on
August 16, 2011
BANKS PENINSULA: Okains Bay Image Gallery
Comment:
If you have comments or suggestions on this article please click here
Chapter 1 - An adventure on Crete
»
Comments are closed.",Gavin Menzies,46
