﻿page_number,folder_name,url,title,content,author,word_count
1,15_Chapter001_Alaska_And_The_Bering_Straits_Local_Supp_001_db78,https://www.gavinmenzies.net/Evidence/1-alaska-and-the-bering-straits-local-support/,1 Alaska and the Bering Straits Local Support - Gavin MenziesGavin Menzies,"1 Alaska and the Bering Straits Local Support
View:
Complete 1421 listings
Posted on
August 16, 2011
Alaska and the Bering Straits Local Support
Do you have evidence of what may be the Chinese in Alaska before the gold rush era? Have you found some Chinese artifacts in Alaska or somewhere along the Bering Straits region? Does your family have any stories or traditions of travelers from far away, before the European traders came? Now you can submit your questions, comments and ideas or photos to a local representative to the 1421 project.
I am Joseph Davis, living in Anchorage Alaska, and am managing the
""""Alaska and the Bering Straits""""
section of the 1421 web site. Email me your questions, thoughts, history or discoveries! Let's look at them, bring them to the 1421 team, and if it is something we can use on the web site, we sure will!
Join in the adventure and help the history of the world be recognized. Contact Joseph Davis on email:
watermark@acsalaska.net
or through the Contacts on this site. And if we need an on-site visit, all the better!
Comment:
If you have comments or suggestions on this article please click here
Chapter 1 - An adventure on Crete
»
Comments are closed.",Gavin Menzies,209
