﻿page_number,folder_name,url,title,content,author,word_count
7,13_Chapter007_Banks_Peninsula_Onuku_007_a468,https://www.gavinmenzies.net/Evidence/7-banks-peninsula-onuku/,7 BANKS PENINSULA: Onuku - Gavin MenziesGavin Menzies,"7 BANKS PENINSULA: Onuku
View:
Complete 1421 listings
Posted on
August 16, 2011
BANKS PENINSULA: Onuku
(43d, 50`, 30S -172d, 57`, 45E )
A planned four day walk over the Akoroa volcanic rim and visits to three bays, using the Banks Peninsula (BP) private tracks and accommodation had been previously arranged. The first night was spent at Onuku Homestead, The two wooden buildings sat on a very clear, man-made platform, the depression of one gateway being visible. MAS confirmed the existence of a 40m x 20m external wall sitting on the platform and three internal barrack blocks
Comment:
If you have comments or suggestions on this article please click here
Chapter 1 - An adventure on Crete
»
Comments are closed.",Gavin Menzies,121
