﻿page_number,folder_name,url,title,content,author,word_count
5,14_Chapter005_Paliser_Bay_Gardens_005_2dee,https://www.gavinmenzies.net/Evidence/5-paliser-bay-gardens/,5 Paliser Bay Gardens - Gavin MenziesGavin Menzies,"5 Paliser Bay Gardens
View:
Complete 1421 listings
Posted on
August 16, 2011
Paliser Bay Gardens
· Stone walls, mounds, platforms and alignments to be found over miles of coastline between Whatarangi station to Black Rocks, near the lighthouse, a the southern tip of North Island
· These have been radiocarbon dated to between 1141 and 1608AD.
· The Maori did not build in stone
· Walls can be seen to run at right angles to the coast, others form rectangular enclosures and some are circular
· Large stones can also been found placed at regular intervals
· These gardens show the presence of a well organised agricultural community proficient in geometrical design.
Comment:
If you have comments or suggestions on this article please click here
Chapter 1 - An adventure on Crete
»
Comments are closed.",Gavin Menzies,137
