﻿page_number,folder_name,url,title,content,author,word_count
9,14_Chapter009_The_Flightless_Campbell_Island_Teal_Anas_009_638d,https://www.gavinmenzies.net/Evidence/9-the-flightless-campbell-island-teal-anas-nesiotis-how-did-it-get-there/,9 The Flightless Campbell Island Teal (Anas nesiotis) - How did it get there? - Gavin MenziesGavin Menzies,"9 The Flightless Campbell Island Teal (Anas nesiotis) - How did it get there?
View:
Complete 1421 listings
Posted on
August 16, 2011
The Flightless Campbell Island Teal (Anas nesiotis) - How did it get there?
This flightless bird is found confined to the 23 ha Dent Island, which is situated 1.6km from Campbell Island in the New Zealand sub-Antarctic region of the Southern Ocean.
Is this one of the many species of flightless duck left in the wake of the Chinese fleet as it circumnavigated the world?
Comment:
If you have comments or suggestions on this article please click here
Chapter 1 - An adventure on Crete
»
Comments are closed.",Gavin Menzies,112
