﻿page_number,folder_name,url,title,content,author,word_count
17,14_Chapter017_Results_Rafter_Radiocarbon_Laboratory_R2_017_e9eb,https://www.gavinmenzies.net/Evidence/17-results-rafter-radiocarbon-laboratory-r282351/,17 Results: Rafter Radiocarbon Laboratory - R28235/1 - Gavin MenziesGavin Menzies,"17 Results: Rafter Radiocarbon Laboratory - R28235/1
View:
Complete 1421 listings
Posted on
August 16, 2011
Results: Rafter Radiocarbon Laboratory - R28235/1
INSTITUTE OF GEOLOGICAL AND NUCLEAR SCIENCES LTD.
PO Box 31312, Lower st1:place>Hutt, New Zealand
Phone (+64 4) 5704671, Fax (+644) 570 4657
RADIOCARBON CALIBRATION REPORT
NTCAL98_14C
1998 Atmospheric radiocarbon ages. See Stuiver, M., Reimer, P.J., Bard, E., Beck, J.W., Burr, G.S., Hughen, K.A., Kromer, B., McCormac, F.G., v.d. Plicht, J., and Spurk,M. 1998, Radiocarbon 40(3): 1041-1083
CALIBRATED AGE in terms of cofidence intervals (Smoothing parameter: 1, Offset: 0)
2 sigma interval is 352 BC to 294 BC
plus 226 BC to 19 AD
2301 BP to 2243 BP (8.0% ofarea)
2175 BP to 1931 BP (86.1% of area)
I sigma interval is 195 BC to 46 BC
2144 BP to 1995 BP 72.0% of area
Comment:
If you have comments or suggestions on this article please click here
Chapter 1 - An adventure on Crete
»
Comments are closed.",Gavin Menzies,161
