﻿page_number,folder_name,url,title,content,author,word_count
34,13_Chapter034_Dunedin_Image_Gallery_034_addf,https://www.gavinmenzies.net/Evidence/34-dunedin-image-gallery/,34 Dunedin image gallery - Gavin MenziesGavin Menzies,"34 Dunedin image gallery
View:
Complete 1421 listings
Posted on
August 16, 2011
Dunedin image gallery
Dunedin Botanic Gardens, South Island, New Zealand
Arboretum Area, Nyssa Sinensis, South side of the Fort
Marks site of Chinese Ablution block, adjacent to the internal harbour.
Dunedin Botanic Gardens, South Island, New Zealand. Arboretum Area. This is the site of a 100m x 72m Chinese walled barrack block (fort). The giant rhubarb plant (correct name is Gunnera) is growing in the depression which was originaly the forts internal harbour. The cutting for the harbour access canal and ladder locks from the creek below, are visible from the adjacent path.
Dunedin Botanic Gardens, South Island, New Zealand
Arboretum Area. View Northwards along eastern section of ramparts of Chinese walled barrack blocks.
Lower photo: """"Eucalyptus Kartzoffiana"""" marks Southwest corner of fort.
Dunedin, South Island, New Zealand, The Arboretum, Botanical gardens. The site of a Chinese walled barrack block & harbour, accessed by ladder locks to the adjacent creek.
(45d, 51′, 30S- 170d, 31′, 14E)
Otakou Golf Club, Otaga Peninsula, Dunedin, South Island, New Zealand, View over reeded area of sedimented harbour onto quarried face. Probably Magnetite iron ore being exploited.
Otakou Golf Club, Otaga Peninsula, Dunedin, South Island, New Zealand. View over harbour (reeded area) and smelter ramps.
Otago Peninsula, Dunedin, South Island, New Zealand by Otaku Golf Club
(45d, 48′, 53S- 170d, 41′, 53E)
Long Beach, North of Port Chalmers, Dunedin, South Island, New Zealand
Lower photo: Indications of irrigation, further surveys required.
Long Beach, North of Port Chalmers, Dunedin, South Island, New Zealand. Navigated creek, bright green patch is site of linear navigation island and pound locks. Remains of weir that raised water level & forced water into locks, located on opposite banks.
Long Beach, North of Port Chalmers, Dunedin, South Island, New Zealand. Burnt grass indicates line of walled barrack block.
Lower photo: Free water being discharged onto the site of Chinese barracks and ore crusher building. Aqueducts still functioning 600 years later.
Long Beach, North of Port Chalmers, Dunedin, South Island, New Zealand. Quarried face, lower right, long grass covers, smelter ramp.
Lower photos: Pines mark line of walled barrack block. Paved path to buried stoned harbour on beach housing remains of 47m x 11m Junk.
Long Beach, Otago, Dunedin, New Zealand. Detail of walled barrack block, quarried face, smelter ramps & buried stone harbour containing remains of 47m x 11m Junk.
The Mighty Moa, Otago Museum.
Comment:
If you have comments or suggestions on this article please click here
Chapter 1 - An adventure on Crete
»
Comments are closed.",Gavin Menzies,430
