﻿page_number,folder_name,url,title,content,author,word_count
8,10_Chapter008_Dna_Reports_Relied_Upon_008_2c5a,https://www.gavinmenzies.net/Evidence/8-dna-reports-relied-upon/,8 DNA reports relied upon - Gavin MenziesGavin Menzies,"8 DNA reports relied upon
View:
Complete 1421 listings
Posted on
August 18, 2011
DNA reports relied upon
(i) THE VOYAGE OF HONG BAO - Indian Ocean - S. Atlantic - S America - Antarctic - Southern Oceans - Australia.
R. Amazon: Novick (1), Annabel Arends, Fonseca
R. Paraguay: Novick (1), Lee, Parham (24), Fonseca.
(ii) THE VOYAGE OF ZHOU MAN - Rivers Amazon and Paraguay - as for Hong Bao.
South American-Pacific Coast: Novick (1), Tulio Arends and Gallengo (12), Fideas E, Leon S, (16 and 25), Parham (24), Schurr (6).
Trans-Pacific: - Torroni (10 and 11), Hertzberg, Stoneking, Fonseca, Sykes (14).
New Zealand: Hurles (8), Chambers (9), Katsushi Tokunaga (15).
N. Pacific: Yanagihara (5).
N. America Pacific Coast: Novick (1), Rosenberg (3), Frudakis (4), Schurr (6), Vilchis (7), Torroni (10 and 11), Arnaiz Villena (13).
(iii) THE VOYAGE OF ZHOU WEN
Caribbean: Novick, Arends & Gallengo.
N America: Novick, Rosenberg, Frudakis.
Greenland: Novick.
Azores: Bruges-Armas.
Norway: Sykes
Hebrides: Sykes
Note: Zhou Wen's fleet appears to have contains Korean (Sykes) and Mongolian (Bruges-Armas) ships.
Comment:
If you have comments or suggestions on this article please click here
Chapter 1 - An adventure on Crete
»
Comments are closed.",Gavin Menzies,199
