﻿page_number,folder_name,url,title,content,author,word_count
6,18_Chapter006_Extrana_Enfermedad_Entre_Indigenas_Paece_006_a7de,https://www.gavinmenzies.net/Evidence/6-extrana-enfermedad-entre-indigenas-paeces-cauca-colombia/,"6 Extraña enfermedad entre indígenas paeces (Cauca, Colombia) - Gavin MenziesGavin Menzies","6 Extraña enfermedad entre indígenas paeces (Cauca, Colombia)
View:
Complete 1421 listings
Posted on
August 16, 2011
Extraña enfermedad entre indígenas paeces (Cauca, Colombia)
Comment:
If you have comments or suggestions on this article please click here
Chapter 1 - An adventure on Crete
»
Comments are closed.",Gavin Menzies,48
