﻿page_number,folder_name,url,title,content,author,word_count
5,13_Chapter005_Lyttleton_Image_Gallery_005_99f8,https://www.gavinmenzies.net/Evidence/5-lyttleton-image-gallery/,5 Lyttleton image gallery - Gavin MenziesGavin Menzies,"5 Lyttleton image gallery
View:
Complete 1421 listings
Posted on
August 16, 2011
Lyttleton image gallery
Lyttleton Harbour, Governors Bay, Allandale, South Island.
Ramparts of small Chinese fort, (bayside)
(bayside) Stonework of ramparts.
Lyttleton Harbour, Governors Bay, South Island, New Zealand
Chinese walled fort
Comment:
If you have comments or suggestions on this article please click here
Chapter 1 - An adventure on Crete
»
Comments are closed.",Gavin Menzies,68
