﻿page_number,folder_name,url,title,content,author,word_count
8,03_Chapter008_The_Western_Hemisphere_The_Waldseemuelle_008_e9ac,https://www.gavinmenzies.net/Evidence/8-the-western-hemisphere-the-waldseemueller-map-published-1507/,8 The Western Hemisphere - The Waldseemueller Map (Published 1507) - Gavin MenziesGavin Menzies,"8 The Western Hemisphere - The Waldseemueller Map (Published 1507)
View:
Complete 1421 listings
Posted on
August 18, 2011
The Western Hemisphere - The Waldseemueller Map (Published 1507)
This remarkable map showing the continents of North and South America was published before Ponce de Leon 'discovered' Florida: before Magellan reached Patagonia; before Vancouver landed in NW America; before Verrazzano arrived at New York; before Balboa reached the Pacific or the Amazon, or rivers of North and South America were discovered. In a nutshell fleets had charted some 25,000 miles of Atlantic, Caribbean, and Pacific coasts of the America's before Europeans reached those parts.
Provenance
The authenticity of the chart and in particular that it was published in 1507 """"has never been challenged and never will be"""" (Professor Carol Urness). The chart was purchased by the Library of Congress, Washington DC, in 2002. It is on view there.
View map:
The Waldseemüller map
Comment:
If you have comments or suggestions on this article please click here
Chapter 1 - An adventure on Crete
»
Comments are closed.",Gavin Menzies,176
