﻿page_number,folder_name,url,title,content,author,word_count
2,17_Chapter002_The_Illustrated_Mississippi_Valley_002_fc0e,https://www.gavinmenzies.net/Evidence/2-the-illustrated-mississippi-valley/,2 The Illustrated Mississippi Valley - Gavin MenziesGavin Menzies,"2 The Illustrated Mississippi Valley
View:
Complete 1421 listings
Posted on
August 16, 2011
The Illustrated Mississippi Valley
Perhaps, the principle reason that the Piasa has remained an enigma for centuries is that it was believed that no reliable image of it has survived. An 1825 sketch done by William Dennis, entitled
Flying Dragon
, has apparently been lost to history. An obscure 1854 lithograph of the Piasa does exist, but in the past, it was judged wildly imaginative and inaccurate. We disagree. We believe it is accurate and revealing, but misinterpreted. We reached this conclusion after examining a copy of the rare German first edition, kept at Washington University, in St. Louis, Missouri.
Das Illustrirte Mississipithal (trans. The Illustrated Mississippi Valley) was first published in parts in Düsseldorf, Germany beginning in 1854, and then in full in 1857. It was richly illustrated by its author - Henry Lewis, a noted painter of the American frontier. Included among the book's lithographic prints is """"Der Piasa Felsen"""", a rendering of the Piasa, done in 1845 when Lewis saw it firsthand.
Comment:
If you have comments or suggestions on this article please click here
Chapter 1 - An adventure on Crete
»
Comments are closed.",Gavin Menzies,203
