﻿page_number,folder_name,url,title,content,author,word_count
19,14_Chapter019_Wood_Sample_Found_At_Tahakopa_Bay_New_Ze_019_7424,https://www.gavinmenzies.net/Evidence/19-wood-sample-found-at-tahakopa-bay-new-zealand/,"19 Wood sample found at Tahakopa Bay, New Zealand - Gavin MenziesGavin Menzies","19 Wood sample found at Tahakopa Bay, New Zealand
View:
Complete 1421 listings
Posted on
August 16, 2011
Wood sample found at Tahakopa Bay, New Zealand
Report on Radiocarbon Age Determination for Wk-12871
Submitter: D I Bell
Submitter""""s Code: 104
Site & Location: Tahakopa Bay, New Zealand
Sample Material: Wood
Physical Pretreatment: Surfaces scraped clean. The wood was chopped up into small splinters and washed in ultrasonic bath.
Chemical Pretreatment: Sample was washed in hot 10% HCl, rinsed and treated with hot 1% NaOH. The NaOH insoluble fraction was treated with hot 10% HCl, filtered, rinsed and dried.
Comment:
If you have comments or suggestions on this article please click here
Chapter 1 - An adventure on Crete
»
Comments are closed.",Gavin Menzies,122
